Country,Year,Demand MWh per capita,Imports TWh,Emissions mtCO2,Generation TWh,Bioenergy,Coal,Gas,Hydro,Nuclear,Other Fossil,Other Renewables,Solar,Wind,Renewables,Non Renewables,% Renewables,% Non Renewables,Price (EUR/MWhe),Temperature Change ÂºC
Austria,2000,7.3,-1.37,11.88,59.85,1.53,5.72,7.85,41.84,0.0,2.84,0.0,0.0,0.07,43.440000000000005,16.41,72.58145363408522,27.418546365914786,,1.772
Austria,2001,7.62,0.22,13.52,61.06,1.67,6.89,8.75,40.46,0.0,3.18,0.0,0.01,0.1,42.24,18.82,69.17785784474289,30.822142155257126,,1.507
Austria,2002,7.6,0.7,13.31,60.69,1.52,6.61,9.31,40.23,0.0,2.87,0.0,0.01,0.14,41.9,18.790000000000003,69.03938045806558,30.960619541934424,,1.54
Austria,2003,7.84,5.61,15.82,58.06,1.65,8.44,11.16,33.21,0.0,3.22,0.0,0.01,0.37,35.239999999999995,22.82,60.69583189803651,39.30416810196349,,1.469
Austria,2004,7.96,3.08,15.61,61.93,1.91,7.91,10.95,36.76,0.0,3.45,0.0,0.02,0.93,39.62,22.31,63.97545616018084,36.024543839819145,,0.842
Austria,2005,8.16,2.62,16.11,64.49,2.43,7.17,13.03,37.1,0.0,3.41,0.0,0.02,1.33,40.88,23.61,63.38967281749108,36.61032718250891,,0.641
Austria,2006,8.3,6.34,15.4,62.28,3.23,7.37,10.67,35.66,0.0,3.58,0.0,0.02,1.75,40.66,21.619999999999997,65.28580603725112,34.71419396274887,,0.923
Austria,2007,8.31,6.02,14.37,62.91,4.06,6.6,9.9,37.05,0.0,3.24,0.0,0.02,2.04,43.17,19.740000000000002,68.62184072484501,31.37815927515498,,2.15
Austria,2008,8.34,4.86,14.19,64.5,4.16,5.53,11.18,38.33,0.0,3.26,0.0,0.03,2.01,44.529999999999994,19.97,69.03875968992247,30.96124031007752,,1.592
Austria,2009,8.04,0.78,13.22,66.3,4.28,3.76,12.34,40.9,0.0,3.02,0.0,0.05,1.95,47.18,19.12,71.16138763197587,28.838612368024137,,1.55
Austria,2010,8.41,2.44,15.59,67.91,4.48,4.92,14.35,38.36,0.0,3.65,0.0,0.09,2.06,44.99000000000001,22.919999999999998,66.24944779855691,33.75055220144308,,0.664
Austria,2011,8.4,8.2,14.89,62.26,4.56,5.43,12.44,34.24,0.0,3.48,0.0,0.17,1.94,40.910000000000004,21.349999999999998,65.70831994860265,34.291680051397364,,1.376
Austria,2012,8.48,2.8,12.83,68.7,4.68,4.39,9.71,43.85,0.0,3.27,0.0,0.34,2.46,51.330000000000005,17.37,74.71615720524018,25.283842794759824,,1.788
Austria,2013,8.48,7.27,11.12,64.59,4.7,4.21,6.65,42.02,0.0,3.23,0.0,0.63,3.15,50.50000000000001,14.09,78.18547762811582,21.81452237188419,,1.098
Austria,2014,8.3,9.27,9.34,61.62,4.55,2.94,5.32,41.01,0.0,3.16,0.0,0.79,3.85,50.199999999999996,11.42,81.46705615060044,18.532943849399544,,2.404
Austria,2015,8.32,10.06,10.79,61.85,4.65,2.95,7.66,37.16,0.0,3.65,0.0,0.94,4.84,47.58999999999999,14.26,76.94421988682295,23.055780113177043,31.909166666666664,2.153
Austria,2016,8.29,7.16,10.55,65.25,4.78,2.04,8.49,39.97,0.0,3.64,0.0,1.1,5.23,51.08,14.170000000000002,78.28352490421454,21.71647509578544,28.956666666666667,2.083
Austria,2017,8.41,6.55,11.56,67.42,4.92,1.76,10.91,38.29,0.0,3.7,0.0,1.27,6.57,51.050000000000004,16.37,75.7193711064966,24.280628893503412,34.221666666666664,1.73
Austria,2018,8.37,8.95,10.79,65.04,4.93,1.81,9.92,37.64,0.0,3.25,0.0,1.46,6.03,50.06,14.98,76.96801968019682,23.031980319803203,46.28,2.511
Austria,2019,8.33,3.13,11.37,70.86,4.66,1.5,11.32,40.83,0.0,3.4,0.0,1.7,7.45,54.64,16.22,77.10979395992096,22.89020604007903,40.0875,2.365
Austria,2020,8.01,2.2,9.86,69.19,4.59,0.56,9.95,42.0,0.0,3.26,0.0,2.04,6.79,55.42,13.77,80.0982800982801,19.901719901719904,33.12083333333333,
Austria,2021,8.35,7.54,9.88,66.95,4.48,0.14,10.62,38.75,0.0,3.44,0.0,2.78,6.74,52.75000000000001,14.2,78.79014189693804,21.20985810306199,106.52583333333332,
Austria,2022,8.23,8.7,10.19,64.69,3.62,0.14,11.76,36.07,0.0,3.44,0.0,2.73,6.93,49.349999999999994,15.34,76.28690678621115,23.713093213788838,262.6641666666667,
Belgium,2000,8.49,4.33,22.42,82.79,0.57,12.92,15.98,0.46,48.16,4.68,0.0,0.0,0.02,1.05,81.74000000000001,1.2682691146273704,98.73173088537264,,1.478
Belgium,2001,8.51,9.11,20.43,78.63,0.6,9.94,15.78,0.44,46.35,5.48,0.0,0.0,0.04,1.08,77.55,1.373521556657764,98.62647844334222,,1.337
Belgium,2002,8.55,7.59,20.91,80.94,0.72,10.03,17.87,0.36,47.36,4.54,0.0,0.0,0.06,1.1400000000000001,79.8,1.4084507042253522,98.59154929577463,,1.397
Belgium,2003,8.65,6.41,21.89,83.57,0.86,9.64,21.61,0.25,47.38,3.74,0.0,0.0,0.09,1.2,82.36999999999999,1.4359219815723345,98.56407801842765,,1.522
Belgium,2004,8.67,7.78,21.58,82.92,1.04,9.15,20.04,0.32,47.31,4.92,0.0,0.0,0.14,1.5,81.42,1.808972503617945,98.19102749638205,,1.085
Belgium,2005,8.6,6.3,21.49,84.1,1.59,8.2,21.5,0.29,47.6,4.69,0.0,0.0,0.23,2.1100000000000003,81.99,2.5089179548156957,97.49108204518429,,1.193
Belgium,2006,8.81,10.16,20.71,83.07,2.23,6.85,21.99,0.36,46.65,4.62,0.0,0.0,0.37,2.96,80.11,3.56325990128807,96.43674009871191,,1.393
Belgium,2007,8.76,6.78,21.19,86.56,2.6,6.47,24.66,0.39,48.23,3.71,0.0,0.01,0.49,3.49,83.07,4.031885397412201,95.9681146025878,,1.875
Belgium,2008,8.71,10.6,19.91,82.81,3.33,5.55,24.11,0.41,45.57,3.16,0.0,0.04,0.64,4.42,78.39,5.337519623233908,94.66248037676608,,1.247
Belgium,2009,8.13,-1.84,21.89,89.67,3.95,5.18,29.25,0.33,47.22,2.57,0.0,0.17,1.0,5.45,84.22,6.077840972454557,93.92215902754546,,1.156
Belgium,2010,8.59,0.55,22.54,92.87,4.38,4.2,30.84,0.31,47.94,3.35,0.0,0.56,1.29,6.54,86.32999999999998,7.042101862818995,92.95789813718099,,0.229
Belgium,2011,8.36,2.54,19.56,89.05,4.63,3.48,25.44,0.2,48.23,3.59,0.0,1.17,2.31,8.31,80.74000000000001,9.331836047164515,90.6681639528355,,1.286
Belgium,2012,8.28,9.94,18.72,81.42,5.24,3.39,23.57,0.36,40.29,3.66,0.0,2.15,2.76,10.51,70.91,12.908376320314419,87.09162367968557,,1.132
Belgium,2013,8.23,9.64,17.0,81.72,5.03,3.01,20.8,0.38,42.64,3.56,0.0,2.64,3.66,11.71,70.01,14.329417523250124,85.67058247674989,,0.467
Belgium,2014,7.92,17.6,15.32,70.94,4.41,2.09,19.34,0.29,33.7,3.6,0.0,2.89,4.62,12.21,58.730000000000004,17.211728221031862,82.78827177896815,,2.428
Belgium,2015,7.92,21.0,16.73,68.12,5.5,2.07,22.02,0.32,26.1,3.48,0.0,3.06,5.57,14.450000000000001,53.669999999999995,21.212566059894307,78.78743394010567,44.780833333333334,1.37
Belgium,2016,7.97,6.18,15.71,83.96,5.36,0.39,22.08,0.37,43.52,3.72,0.0,3.1,5.42,14.25,69.71000000000001,16.972367794187708,83.02763220581231,36.585,1.866
Belgium,2017,7.99,6.02,16.06,84.93,5.7,0.09,23.02,0.27,42.23,3.79,0.0,3.31,6.52,15.8,69.13000000000001,18.60355586953962,81.3964441304604,44.593333333333334,1.719
Belgium,2018,7.94,17.33,16.26,73.52,5.41,0.09,23.99,0.29,28.6,3.67,0.0,3.9,7.57,17.17,56.35,23.354189336235038,76.64581066376496,55.24916666666667,2.201
Belgium,2019,7.86,-1.85,17.19,92.31,5.16,0.09,25.54,0.3,43.52,3.69,0.0,4.25,9.76,19.47,72.84,21.091972700682483,78.90802729931752,39.37416666666667,2.075
Belgium,2020,7.57,-0.33,17.41,87.89,5.26,0.08,26.78,0.27,34.43,3.14,0.0,5.11,12.82,23.46,64.42999999999999,26.69245647969052,73.30754352030947,31.855833333333333,
Belgium,2021,7.85,-7.88,15.54,99.03,4.69,0.04,22.52,0.42,50.33,3.41,0.0,5.62,12.0,22.73,76.3,22.952640613955367,77.04735938604463,103.81833333333333,
Belgium,2022,7.5,-7.53,15.64,94.58,4.45,0.04,23.12,0.2,44.13,3.22,0.0,7.35,12.07,24.07,70.51,25.44935504334955,74.55064495665047,243.74,
Bulgaria,2000,4.44,-4.62,15.77,40.6,0.0,16.94,1.91,2.63,18.18,0.94,0.0,0.0,0.0,2.63,37.97,6.477832512315272,93.52216748768474,,1.179
Bulgaria,2001,4.55,-6.93,17.79,43.45,0.0,19.5,1.91,1.65,19.55,0.84,0.0,0.0,0.0,1.65,41.800000000000004,3.797468354430379,96.20253164556962,,1.63
Bulgaria,2002,4.49,-6.3,15.85,42.09,0.0,17.18,1.54,2.12,20.22,1.03,0.0,0.0,0.0,2.12,39.97,5.036825849370397,94.9631741506296,,0.833
Bulgaria,2003,4.65,-5.49,17.63,42.29,0.0,19.24,1.76,2.99,17.28,1.02,0.0,0.0,0.0,2.99,39.300000000000004,7.070229368645069,92.92977063135493,,0.156
Bulgaria,2004,4.52,-5.88,17.25,41.4,0.0,18.9,1.49,3.14,16.82,1.05,0.0,0.0,0.0,3.14,38.25999999999999,7.584541062801935,92.41545893719807,,0.489
Bulgaria,2005,4.65,-7.58,16.86,43.93,0.0,18.46,1.73,4.3,18.65,0.79,0.0,0.0,0.0,4.3,39.63,9.78829956749374,90.21170043250628,,0.167
Bulgaria,2006,4.86,-7.74,17.4,45.48,0.0,19.09,2.16,4.21,19.49,0.51,0.0,0.0,0.02,4.2299999999999995,41.24999999999999,9.30079155672823,90.69920844327174,,0.52
Bulgaria,2007,4.98,-4.47,20.21,42.9,0.0,22.37,2.34,2.83,14.64,0.67,0.0,0.0,0.05,2.88,40.02,6.713286713286713,93.2867132867133,,1.834
Bulgaria,2008,5.11,-5.34,20.65,44.56,0.02,23.18,2.36,2.79,15.77,0.32,0.0,0.0,0.12,2.93,41.63,6.575403949730702,93.42459605026932,,1.141
Bulgaria,2009,4.88,-5.07,18.75,42.33,0.01,21.1,1.96,3.43,15.26,0.33,0.0,0.0,0.24,3.6799999999999997,38.65,8.693597921096147,91.30640207890383,,1.247
Bulgaria,2010,4.94,-8.45,20.1,45.98,0.04,22.61,1.97,5.03,15.25,0.39,0.0,0.01,0.68,5.76,40.22,12.527185732927359,87.47281426707264,,1.304
Bulgaria,2011,5.21,-10.66,23.98,49.95,0.06,27.53,2.08,2.87,16.31,0.14,0.0,0.1,0.86,3.89,46.06,7.7877877877877895,92.21221221221224,,0.368
Bulgaria,2012,5.1,-8.31,20.4,46.48,0.07,22.87,2.36,3.18,15.78,0.22,0.0,0.78,1.22,5.25,41.23,11.295180722891567,88.70481927710844,,1.634
Bulgaria,2013,4.96,-6.18,17.6,43.04,0.11,19.39,2.34,4.04,14.17,0.23,0.0,1.39,1.37,6.91,36.129999999999995,16.05483271375465,83.94516728624536,,1.438
Bulgaria,2014,5.08,-9.46,19.09,46.92,0.2,21.31,2.14,4.6,15.87,0.21,0.0,1.26,1.33,7.39,39.53,15.750213128729754,84.24978687127026,,1.189
Bulgaria,2015,5.22,-10.58,19.98,48.7,0.27,22.53,1.86,5.65,15.38,0.18,0.0,1.38,1.45,8.75,39.95,17.96714579055441,82.03285420944557,,1.438
Bulgaria,2016,5.27,-6.37,17.55,44.56,0.35,19.37,2.05,3.88,15.78,0.32,0.0,1.39,1.42,7.039999999999999,37.52,15.79892280071813,84.20107719928187,48.67666666666667,1.875
Bulgaria,2017,5.49,-5.48,18.82,44.93,0.4,20.92,1.93,2.83,15.55,0.4,0.0,1.4,1.5,6.13,38.800000000000004,13.64344535944803,86.35655464055199,39.6725,0.91
Bulgaria,2018,5.44,-7.81,17.27,46.54,1.57,18.66,2.02,5.15,16.13,0.35,0.0,1.34,1.32,9.38,37.160000000000004,20.154705629565964,79.84529437043403,39.85916666666667,2.183
Bulgaria,2019,5.39,-5.81,16.2,43.8,1.82,17.2,2.15,2.93,16.56,0.4,0.0,1.42,1.32,7.49,36.309999999999995,17.100456621004568,82.89954337899543,47.3825,2.122
Bulgaria,2020,5.27,-3.41,13.17,40.22,1.7,13.51,2.29,2.82,16.63,0.32,0.0,1.47,1.48,7.469999999999999,32.75,18.57284932869219,81.42715067130781,39.2825,
Bulgaria,2021,5.59,-8.78,16.76,47.3,2.59,17.09,3.05,4.82,16.49,0.36,0.0,1.47,1.43,10.31,36.989999999999995,21.797040169133194,78.2029598308668,108.30583333333334,
Bulgaria,2022,5.58,-12.19,20.21,50.58,2.6,21.39,2.91,3.71,16.46,0.36,0.0,1.72,1.43,9.46,41.120000000000005,18.70304468169237,81.29695531830762,252.23166666666665,
Croatia,2000,3.23,3.42,3.37,11.26,0.0,1.55,1.57,6.45,0.0,1.69,0.0,0.0,0.0,6.45,4.8100000000000005,57.282415630550624,42.71758436944938,,1.609
Croatia,2001,3.39,2.52,3.89,12.77,0.0,1.64,1.83,7.18,0.0,2.12,0.0,0.0,0.0,7.18,5.59,56.2255285826155,43.7744714173845,,1.588
Croatia,2002,3.51,3.04,4.66,12.71,0.0,2.11,2.53,5.85,0.0,2.22,0.0,0.0,0.0,5.85,6.859999999999999,46.02675059008654,53.97324940991345,,1.258
Croatia,2003,3.7,3.31,5.4,13.19,0.0,2.4,2.06,5.46,0.0,3.27,0.0,0.0,0.0,5.46,7.73,41.394996209249435,58.60500379075057,,1.275
Croatia,2004,3.8,3.0,4.3,13.89,0.0,2.14,2.46,7.63,0.0,1.66,0.0,0.0,0.0,7.63,6.26,54.93160547156227,45.06839452843772,,0.666
Croatia,2005,3.94,4.41,4.27,13.06,0.01,2.33,1.82,7.04,0.0,1.85,0.0,0.0,0.01,7.06,6.0,54.05819295558959,45.94180704441042,,0.29
Croatia,2006,4.06,5.0,4.39,12.92,0.01,2.25,2.06,6.62,0.0,1.96,0.0,0.0,0.02,6.6499999999999995,6.2700000000000005,51.4705882352941,48.529411764705884,,0.724
Croatia,2007,4.19,5.9,5.21,12.54,0.01,2.42,3.07,4.7,0.0,2.31,0.0,0.0,0.03,4.74,7.800000000000001,37.79904306220096,62.200956937799056,,1.99
Croatia,2008,4.28,6.01,4.78,12.78,0.02,2.49,2.46,5.78,0.0,1.99,0.0,0.0,0.04,5.84,6.94,45.69640062597809,54.303599374021914,,1.464
Croatia,2009,4.19,5.0,4.02,13.35,0.02,1.65,2.21,7.41,0.0,2.01,0.0,0.0,0.05,7.4799999999999995,5.869999999999999,56.02996254681648,43.970037453183515,,1.504
Croatia,2010,4.29,3.97,3.82,14.79,0.03,2.38,2.55,9.13,0.0,0.56,0.0,0.0,0.14,9.3,5.49,62.88032454361054,37.11967545638945,,0.874
Croatia,2011,4.22,7.15,4.06,11.23,0.05,2.58,2.62,5.03,0.0,0.75,0.0,0.0,0.2,5.28,5.95,47.01691896705254,52.98308103294747,,1.268
Croatia,2012,4.16,7.43,3.62,10.59,0.09,2.24,2.51,4.84,0.0,0.58,0.0,0.0,0.33,5.26,5.33,49.669499527856466,50.330500472143534,,1.857
Croatia,2013,4.14,3.87,3.38,13.95,0.13,2.42,2.02,8.62,0.0,0.23,0.0,0.01,0.52,9.28,4.67,66.52329749103943,33.47670250896058,,1.278
Croatia,2014,4.06,3.95,2.79,13.44,0.16,2.37,1.0,9.01,0.0,0.13,0.0,0.04,0.73,9.94,3.5,73.95833333333334,26.041666666666668,,2.039
Croatia,2015,4.24,6.79,2.85,11.25,0.27,2.31,1.2,6.39,0.0,0.22,0.0,0.06,0.8,7.52,3.73,66.84444444444443,33.15555555555555,,1.922
Croatia,2016,4.3,5.53,3.23,12.62,0.43,2.6,1.59,6.85,0.0,0.07,0.0,0.07,1.01,8.36,4.260000000000001,66.24405705229795,33.75594294770207,,1.832
Croatia,2017,4.47,6.95,3.04,11.79,0.53,1.37,3.09,5.31,0.0,0.21,0.0,0.08,1.2,7.12,4.67,60.39016115351993,39.609838846480066,53.873333333333335,1.547
Croatia,2018,4.55,5.39,2.68,13.55,0.67,1.45,2.25,7.7,0.0,0.07,0.0,0.07,1.34,9.780000000000001,3.77,72.17712177121771,27.822878228782287,51.96583333333333,2.301
Croatia,2019,4.55,6.13,3.02,12.66,0.88,1.64,2.63,5.83,0.0,0.04,0.09,0.08,1.47,8.35,4.31,65.95576619273301,34.04423380726698,49.251666666666665,2.143
Croatia,2020,4.36,4.64,3.1,13.24,0.98,1.22,3.44,5.66,0.0,0.03,0.09,0.1,1.72,8.55,4.69,64.57703927492447,35.422960725075534,38.026666666666664,
Croatia,2021,4.7,3.96,3.19,15.12,1.1,1.46,3.1,7.13,0.0,0.03,0.09,0.15,2.06,10.530000000000001,4.590000000000001,69.64285714285715,30.357142857142865,114.28416666666668,
Croatia,2022,4.63,4.69,3.48,14.12,1.16,1.54,3.63,5.35,0.0,0.01,0.01,0.15,2.27,8.94,5.18,63.31444759206799,36.68555240793201,271.68583333333333,
Czechia,2000,6.14,-10.02,46.22,72.9,0.52,52.75,1.69,1.76,13.59,2.59,0.0,0.0,0.0,2.2800000000000002,70.62,3.1275720164609053,96.87242798353908,,1.913
Czechia,2001,6.32,-9.54,46.15,74.22,0.52,52.59,1.58,2.05,14.75,2.73,0.0,0.0,0.0,2.57,71.65,3.4626785233090804,96.5373214766909,,1.228
Czechia,2002,6.31,-11.39,44.05,76.0,0.5,49.91,1.61,2.49,18.74,2.75,0.0,0.0,0.0,2.99,73.00999999999999,3.9342105263157903,96.06578947368419,,1.531
Czechia,2003,6.5,-16.21,44.74,82.79,0.49,50.77,1.58,1.38,25.87,2.7,0.0,0.0,0.0,1.8699999999999999,80.92,2.2587268993839835,97.74127310061601,,1.08
Czechia,2004,6.63,-15.72,44.54,83.79,0.71,50.31,1.54,2.02,26.33,2.87,0.0,0.0,0.01,2.7399999999999998,81.05000000000001,3.270079961809284,96.72992003819073,,0.825
Czechia,2005,6.74,-12.63,44.02,81.93,0.73,49.52,1.47,2.38,24.73,3.08,0.0,0.0,0.02,3.13,78.8,3.8203344318320522,96.17966556816795,,0.754
Czechia,2006,6.89,-12.63,44.07,83.66,0.92,49.65,1.57,2.55,26.05,2.87,0.0,0.0,0.05,3.5199999999999996,80.14,4.207506574229022,95.79249342577099,,0.958
Czechia,2007,6.93,-16.15,47.53,87.77,1.2,53.79,1.37,2.09,26.17,3.02,0.0,0.0,0.13,3.42,84.35,3.8965477953742735,96.10345220462573,,2.174
Czechia,2008,6.92,-11.47,43.44,83.28,1.45,48.77,1.02,2.02,26.55,3.22,0.0,0.01,0.24,3.7199999999999998,79.56,4.466858789625359,95.53314121037462,,1.65
Czechia,2009,6.53,-13.64,40.97,81.64,1.85,45.94,0.98,2.43,27.21,2.85,0.0,0.09,0.29,4.66,76.97999999999999,5.707986281234689,94.2920137187653,,1.429
Czechia,2010,6.72,-14.95,42.22,85.24,2.16,46.9,1.38,2.79,28.0,3.05,0.0,0.62,0.34,5.91,79.33,6.9333646175504455,93.06663538244955,,0.417
Czechia,2011,6.63,-17.04,42.22,86.67,2.7,46.68,1.41,1.96,28.28,3.06,0.0,2.18,0.4,7.24,79.43,8.35352486442829,91.6464751355717,,1.047
Czechia,2012,6.61,-17.12,40.01,86.61,3.37,43.98,1.49,2.13,30.32,2.75,0.0,2.15,0.42,8.07,78.53999999999999,9.317630758572912,90.68236924142707,,1.586
Czechia,2013,6.57,-16.89,38.11,85.94,4.06,41.12,2.04,2.73,30.75,2.73,0.0,2.03,0.48,9.299999999999999,76.64,10.821503374447287,89.17849662555271,,0.783
Czechia,2014,6.53,-16.3,37.95,85.01,4.66,40.73,1.82,1.91,30.33,2.96,0.0,2.12,0.48,9.170000000000002,75.83999999999999,10.786966239265972,89.21303376073404,,2.51
Czechia,2015,6.65,-12.51,38.43,82.52,4.79,41.14,2.28,1.79,26.84,2.85,0.0,2.26,0.57,9.41,73.11,11.403296170625303,88.5967038293747,32.35,2.122
Czechia,2016,6.75,-10.97,39.76,82.01,4.76,41.97,3.73,2.0,24.1,2.82,0.0,2.13,0.5,9.39,72.61999999999999,11.449823192293625,88.55017680770636,31.127499999999998,2.079
Czechia,2017,6.91,-13.04,39.3,85.78,4.97,41.44,3.7,1.87,28.34,2.67,0.0,2.2,0.59,9.629999999999999,76.15,11.226393098624387,88.77360690137562,36.465833333333336,1.597
Czechia,2018,6.93,-13.91,39.04,86.86,4.83,41.2,3.77,1.63,29.92,2.54,0.0,2.36,0.61,9.43,77.43000000000002,10.856550771356204,89.1434492286438,46.004999999999995,2.659
Czechia,2019,6.9,-13.1,36.76,85.77,5.03,37.33,5.81,2.01,30.25,2.3,0.0,2.34,0.7,10.079999999999998,75.69,11.752360965372505,88.24763903462748,40.24916666666667,2.552
Czechia,2020,6.65,-10.15,31.82,80.15,5.21,31.0,6.87,2.14,30.04,1.85,0.0,2.34,0.7,10.389999999999999,69.75999999999999,12.963194011228946,87.03680598877105,33.5775,
Czechia,2021,6.91,-11.08,33.96,83.73,5.38,34.18,7.31,2.41,30.73,0.8,0.0,2.32,0.6,10.709999999999999,73.02,12.791114295951273,87.20888570404874,100.37583333333333,
Czechia,2022,6.81,-13.53,35.35,85.11,5.31,36.97,6.65,2.03,30.99,0.0,0.0,2.51,0.65,10.5,74.61,12.33697567853366,87.66302432146632,246.60666666666665,
Denmark,2000,6.86,0.66,21.81,36.0,1.3,16.67,8.77,0.03,0.0,4.99,0.0,0.0,4.24,5.57,30.43,15.472222222222221,84.52777777777776,,1.721
Denmark,2001,6.93,-0.57,22.9,37.72,1.51,17.82,9.27,0.03,0.0,4.78,0.0,0.0,4.31,5.85,31.87,15.50901378579003,84.49098621420997,,1.045
Denmark,2002,6.92,-2.07,23.4,39.28,1.88,18.26,9.59,0.03,0.0,4.64,0.0,0.0,4.88,6.79,32.49,17.286150712830956,82.71384928716905,,1.651
Denmark,2003,6.97,-8.55,28.27,46.16,2.49,25.31,9.76,0.02,0.0,3.02,0.0,0.0,5.56,8.07,38.09,17.48266897746967,82.51733102253033,,0.708
Denmark,2004,6.93,-2.87,22.52,40.42,2.91,18.67,9.94,0.03,0.0,2.29,0.0,0.0,6.58,9.52,30.9,23.552696684809497,76.4473033151905,,1.037
Denmark,2005,6.92,1.37,19.31,36.23,3.17,15.46,8.78,0.02,0.0,2.19,0.0,0.0,6.61,9.8,26.430000000000003,27.049406569141592,72.9505934308584,,1.287
Denmark,2006,7.09,-6.93,27.25,45.61,3.07,24.57,9.4,0.02,0.0,2.44,0.0,0.0,6.11,9.2,36.41,20.171015128261345,79.82898487173865,,1.354
Denmark,2007,7.0,-0.95,22.01,39.31,3.1,19.89,7.04,0.03,0.0,2.08,0.0,0.0,7.17,10.3,29.009999999999998,26.201984227931824,73.79801577206817,,2.144
Denmark,2008,6.92,1.45,19.98,36.62,3.14,17.46,7.08,0.03,0.0,1.98,0.0,0.0,6.93,10.1,26.52,27.580557072637895,72.41944292736208,,1.865
Denmark,2009,6.64,0.33,19.98,36.38,3.32,17.69,6.67,0.02,0.0,1.96,0.0,0.0,6.72,10.059999999999999,26.32,27.652556349642655,72.34744365035733,,1.332
Denmark,2010,6.8,-1.14,20.04,38.87,4.59,17.01,7.91,0.02,0.0,1.52,0.0,0.01,7.81,12.43,26.44,31.97838950347311,68.02161049652689,,-0.189
Denmark,2011,6.55,1.32,16.3,35.22,4.37,13.98,5.84,0.02,0.0,1.23,0.0,0.01,9.77,14.169999999999998,21.05,40.2328222600795,59.767177739920506,,0.697
Denmark,2012,6.41,5.21,12.61,30.7,4.45,10.54,4.19,0.02,0.0,1.13,0.0,0.1,10.27,14.84,15.86,48.33876221498372,51.66123778501629,,1.147
Denmark,2013,6.37,1.08,15.28,34.74,4.31,14.29,3.42,0.01,0.0,1.07,0.0,0.52,11.12,15.959999999999999,18.78,45.94127806563041,54.058721934369615,,0.401
Denmark,2014,6.2,2.85,11.99,32.19,4.29,11.06,2.1,0.02,0.0,1.04,0.0,0.6,13.08,17.99,14.2,55.88692140416277,44.11307859583721,,2.68
Denmark,2015,6.14,5.91,8.62,28.93,4.18,7.11,1.82,0.02,0.0,1.07,0.0,0.6,14.13,18.93,10.0,65.43380573798825,34.56619426201175,23.578333333333333,1.514
Denmark,2016,6.24,5.06,10.4,30.55,4.85,8.87,2.26,0.02,0.0,1.03,0.0,0.74,12.78,18.39,12.159999999999998,60.19639934533553,39.803600654664486,27.76,1.845
Denmark,2017,6.2,4.56,8.42,31.03,6.25,6.21,2.02,0.02,0.0,1.0,0.0,0.75,14.78,21.799999999999997,9.23,70.2545923300032,29.745407669996776,30.848333333333333,1.609
Denmark,2018,6.17,5.22,8.63,30.36,5.89,6.57,2.07,0.01,0.0,0.97,0.0,0.95,13.9,20.75,9.610000000000001,68.34650856389986,31.653491436100133,44.865,2.091
Denmark,2019,6.09,5.81,6.06,29.51,5.94,3.31,2.1,0.02,0.0,1.03,0.0,0.96,16.15,23.07,6.44,78.17688919010506,21.823110809894956,39.045,2.163
Denmark,2020,6.11,6.88,5.42,28.73,5.92,3.06,1.18,0.02,0.0,1.04,0.0,1.18,16.33,23.449999999999996,5.28,81.62199791159067,18.378002088409332,26.247500000000002,
Denmark,2021,6.48,4.87,7.32,33.06,8.72,4.37,1.54,0.02,0.0,1.05,0.0,1.31,16.05,26.1,6.96,78.94736842105263,21.052631578947366,87.84500000000001,
Denmark,2022,6.11,1.36,6.22,34.42,7.95,3.62,1.03,0.02,0.0,0.87,0.0,1.99,18.94,28.9,5.5200000000000005,83.96281231841951,16.037187681580477,214.8025,
Estonia,2000,5.43,-0.93,5.82,8.51,0.01,0.0,0.6,0.0,0.0,7.9,0.0,0.0,0.0,0.01,8.5,0.11750881316098707,99.88249118683902,,2.075
Estonia,2001,5.67,-0.62,5.8,8.49,0.01,0.0,0.6,0.01,0.0,7.87,0.0,0.0,0.0,0.02,8.47,0.23557126030624262,99.76442873969377,,1.849
Estonia,2002,5.68,-0.69,5.84,8.53,0.02,0.0,0.53,0.01,0.0,7.97,0.0,0.0,0.0,0.03,8.5,0.3516998827667058,99.6483001172333,,1.501
Estonia,2003,6.03,-1.9,6.99,10.16,0.03,0.0,0.5,0.01,0.0,9.61,0.0,0.0,0.01,0.05,10.11,0.4921259842519686,99.50787401574804,,0.26
Estonia,2004,6.25,-1.79,7.08,10.31,0.03,0.0,0.49,0.02,0.0,9.76,0.0,0.0,0.01,0.060000000000000005,10.25,0.5819592628516004,99.41804073714839,,1.204
Estonia,2005,6.34,-1.61,6.96,10.2,0.04,0.0,0.54,0.02,0.0,9.55,0.0,0.0,0.05,0.11,10.09,1.0784313725490193,98.92156862745097,,1.612
Estonia,2006,6.67,-0.75,6.61,9.73,0.04,0.0,0.54,0.01,0.0,9.06,0.0,0.0,0.08,0.13,9.600000000000001,1.3360739979445015,98.66392600205552,,1.26
Estonia,2007,7.28,-2.42,8.37,12.18,0.03,0.0,0.34,0.02,0.0,11.7,0.0,0.0,0.09,0.14,12.04,1.149425287356322,98.85057471264366,,2.266
Estonia,2008,7.21,-0.94,7.19,10.58,0.04,0.0,0.42,0.03,0.0,9.96,0.0,0.0,0.13,0.2,10.38,1.8903591682419656,98.10964083175803,,2.607
Estonia,2009,6.64,0.08,5.81,8.78,0.31,0.0,0.11,0.03,0.0,8.13,0.0,0.0,0.2,0.54,8.24,6.150341685649203,93.8496583143508,,1.615
Estonia,2010,7.3,-3.25,8.45,12.97,0.74,0.0,0.3,0.03,0.0,11.62,0.0,0.0,0.28,1.05,11.92,8.095605242868158,91.90439475713184,,0.55
Estonia,2011,7.03,-3.56,8.32,12.89,0.78,0.0,0.25,0.03,0.0,11.46,0.0,0.0,0.37,1.1800000000000002,11.71,9.154383242823895,90.8456167571761,,1.301
Estonia,2012,7.35,-2.24,7.54,11.96,1.0,0.0,0.13,0.04,0.0,10.36,0.0,0.0,0.43,1.47,10.49,12.290969899665551,87.70903010033446,,1.477
Estonia,2013,7.35,-3.59,8.58,13.28,0.67,0.01,0.09,0.03,0.0,11.95,0.0,0.0,0.53,1.23,12.049999999999999,9.262048192771084,90.73795180722891,,1.188
Estonia,2014,7.38,-2.75,7.91,12.45,0.76,0.01,0.07,0.03,0.0,10.98,0.0,0.0,0.6,1.3900000000000001,11.06,11.164658634538153,88.83534136546184,,2.441
Estonia,2015,7.02,-0.92,6.2,10.15,0.82,0.0,0.06,0.03,0.0,8.53,0.0,0.0,0.71,1.56,8.59,15.36945812807882,84.6305418719212,31.098333333333333,2.393
Estonia,2016,7.7,-2.04,7.62,12.17,0.95,0.0,0.07,0.04,0.0,10.51,0.0,0.01,0.59,1.5899999999999999,10.58,13.064913722267871,86.93508627773213,33.05833333333333,1.932
Estonia,2017,7.92,-2.73,8.16,13.16,1.1,0.02,0.06,0.03,0.0,11.22,0.0,0.01,0.72,1.86,11.3,14.133738601823707,85.86626139817628,33.219166666666666,1.524
Estonia,2018,7.92,-1.9,7.56,12.37,1.31,0.0,0.06,0.01,0.0,10.32,0.0,0.03,0.64,1.9900000000000002,10.38,16.08730800323363,83.91269199676637,47.04416666666666,2.442
Estonia,2019,7.36,2.16,4.14,7.61,1.36,0.0,0.04,0.02,0.0,5.43,0.0,0.07,0.69,2.14,5.47,28.120893561103816,71.87910643889619,45.85916666666666,2.213
Estonia,2020,7.31,3.64,2.62,6.08,1.85,0.0,0.03,0.03,0.0,3.08,0.0,0.25,0.84,2.9699999999999998,3.11,48.84868421052631,51.151315789473685,33.678333333333335,
Estonia,2021,7.39,2.63,3.46,7.19,1.77,0.0,0.04,0.02,0.0,4.28,0.0,0.35,0.73,2.87,4.32,39.916550764951324,60.08344923504869,86.52666666666666,
Estonia,2022,7.04,1.01,3.87,8.34,2.49,0.0,0.04,0.02,0.0,4.63,0.0,0.53,0.63,3.67,4.67,44.00479616306954,55.99520383693045,192.04333333333332,
Finland,2000,15.78,11.88,18.25,69.79,8.64,8.49,10.13,14.66,22.48,5.31,0.0,0.0,0.08,23.38,46.410000000000004,33.50050150451354,66.49949849548645,,2.04
Finland,2001,16.24,9.96,22.3,74.29,8.27,10.61,11.69,13.2,22.77,7.68,0.0,0.0,0.07,21.54,52.74999999999999,28.994481087629566,71.00551891237043,,1.381
Finland,2002,16.66,11.92,24.5,74.73,8.99,12.71,11.63,10.78,22.3,8.26,0.0,0.0,0.06,19.83,54.9,26.53552790044158,73.46447209955839,,1.188
Finland,2003,17.06,4.85,31.67,84.08,9.38,19.25,13.85,9.59,22.73,9.19,0.0,0.0,0.09,19.06,65.02,22.66888677450047,77.33111322549951,,0.729
Finland,2004,17.3,4.87,28.41,85.6,10.44,16.5,12.75,15.07,22.72,8.0,0.0,0.0,0.12,25.63,59.97,29.94158878504673,70.05841121495328,,1.242
Finland,2005,16.65,17.01,17.74,70.33,9.51,6.5,11.23,13.78,23.27,5.87,0.0,0.0,0.17,23.46,46.87,33.35703113891654,66.64296886108346,,2.212
Finland,2006,17.75,11.4,28.09,82.05,10.81,16.33,12.32,11.49,22.91,8.03,0.0,0.0,0.16,22.46,59.59,27.373552711761125,72.62644728823888,,1.216
Finland,2007,17.68,12.56,25.58,80.92,9.95,13.89,10.56,14.18,23.42,8.73,0.0,0.0,0.19,24.32,56.60000000000001,30.054374691052892,69.94562530894711,,1.955
Finland,2008,16.89,12.77,20.15,76.98,10.4,8.5,11.03,17.11,22.96,6.72,0.0,0.0,0.26,27.77,49.21,36.07430501428943,63.92569498571057,,2.142
Finland,2009,15.71,12.09,20.45,71.78,8.73,11.13,9.82,12.69,23.53,5.6,0.0,0.0,0.28,21.700000000000003,50.080000000000005,30.23126219002508,69.76873780997494,,1.699
Finland,2010,16.94,10.5,25.83,80.34,10.97,14.54,11.26,12.92,22.8,7.56,0.0,0.0,0.29,24.18,56.16,30.097087378640776,69.90291262135922,,0.246
Finland,2011,16.16,13.85,20.46,73.21,11.24,9.78,9.45,12.45,23.19,6.61,0.0,0.01,0.48,24.18,49.03,33.02827482584346,66.97172517415653,,1.355
Finland,2012,16.17,17.44,15.69,70.09,11.2,7.1,6.73,16.86,22.99,4.71,0.0,0.01,0.49,28.56,41.53,40.747610215437305,59.25238978456272,,1.548
Finland,2013,15.94,15.71,18.44,70.98,12.01,10.69,6.79,12.84,23.61,4.26,0.0,0.01,0.77,25.630000000000003,45.35,36.108763031839956,63.89123696816005,,1.427
Finland,2014,15.71,17.97,15.66,67.81,11.76,7.92,5.52,13.4,23.58,4.51,0.0,0.01,1.11,26.28,41.529999999999994,38.75534581920071,61.24465418079929,,2.602
Finland,2015,15.46,16.34,13.07,68.36,11.42,5.12,5.2,16.77,23.25,4.26,0.0,0.01,2.33,30.53,37.83,44.660620245757755,55.339379754242245,29.675833333333333,2.624
Finland,2016,15.91,18.95,13.8,68.48,11.52,6.97,3.74,15.8,23.2,4.16,0.0,0.02,3.07,30.41,38.06999999999999,44.4071261682243,55.592873831775705,32.42,2.162
Finland,2017,15.9,20.43,12.64,67.13,11.86,5.86,3.3,14.77,22.48,4.01,0.0,0.05,4.8,31.48,35.65,46.89408610159392,53.10591389840608,33.208333333333336,1.499
Finland,2018,16.3,19.94,13.97,69.98,12.91,5.79,4.2,13.3,22.79,5.06,0.0,0.09,5.84,32.14,37.84,45.927407830808804,54.0725921691912,46.77333333333333,2.166
Finland,2019,16.01,20.04,12.29,68.38,13.29,4.36,3.85,12.42,23.87,4.42,0.0,0.15,6.02,31.88,36.5,46.62181924539338,53.37818075460661,44.03583333333333,1.465
Finland,2020,15.22,15.1,9.75,69.04,11.57,2.44,3.99,15.88,23.29,3.39,0.0,0.22,8.26,35.93,33.11,52.042294322132086,47.95770567786789,28.005,
Finland,2021,16.19,17.77,10.46,71.87,13.58,2.67,3.83,15.79,23.6,3.59,0.0,0.3,8.51,38.18,33.69,53.12369556143036,46.87630443856963,72.165,
Finland,2022,15.45,12.52,9.56,72.99,13.93,2.97,1.32,13.74,25.06,3.57,0.0,0.3,12.1,40.07,32.919999999999995,54.897931223455274,45.102068776544726,153.47916666666666,
France,2000,7.91,-69.48,43.37,533.6,2.48,27.0,11.51,64.78,415.16,12.1,0.51,0.01,0.05,67.83000000000001,465.77000000000004,12.711769115442282,87.28823088455772,,1.174
France,2001,8.05,-68.39,39.28,543.65,2.85,20.48,15.15,72.62,421.08,10.85,0.48,0.01,0.13,76.09,467.56,13.99613722063828,86.00386277936173,,1.394
France,2002,8.0,-77.03,43.22,552.12,3.04,23.66,18.37,58.88,436.76,10.64,0.49,0.01,0.27,62.690000000000005,489.42999999999995,11.354415706730421,88.64558429326958,,1.055
France,2003,8.26,-66.41,46.68,559.92,3.23,26.26,19.37,57.35,441.07,11.75,0.49,0.01,0.39,61.47,498.45,10.978354050578655,89.02164594942134,,1.807
France,2004,8.41,-61.91,45.63,567.19,3.31,24.37,21.05,58.04,448.24,11.11,0.47,0.01,0.59,62.42,504.77000000000004,11.005130555898376,88.99486944410162,,0.978
France,2005,8.42,-60.33,50.23,569.86,3.39,27.51,23.07,50.14,451.53,12.77,0.48,0.01,0.96,54.98,514.88,9.647983715298492,90.35201628470149,,1.025
France,2006,8.28,-63.34,45.55,568.0,3.38,22.89,21.76,54.88,450.19,12.25,0.46,0.01,2.18,60.910000000000004,507.09000000000003,10.723591549295776,89.27640845070422,,1.31
France,2007,8.24,-56.81,46.59,562.21,3.75,24.45,21.99,55.99,439.73,11.74,0.47,0.02,4.07,64.30000000000001,497.91,11.437007523878977,88.56299247612101,,1.403
France,2008,8.42,-47.99,44.82,567.35,3.97,23.06,21.88,62.16,439.45,10.63,0.47,0.04,5.69,72.33,495.02,12.748744161452366,87.25125583854762,,0.982
France,2009,8.11,-25.93,41.55,529.21,4.13,21.67,20.5,55.49,409.74,9.15,0.45,0.17,7.91,68.15,461.06,12.877685606847947,87.12231439315207,,1.199
France,2010,8.52,-30.71,45.95,562.83,4.44,23.36,23.76,61.2,428.52,10.51,0.48,0.62,9.94,76.68,486.15,13.624007249080538,86.37599275091945,,0.379
France,2011,8.14,-56.41,45.03,567.4,5.04,17.39,29.49,45.74,442.39,12.11,0.54,2.33,12.37,66.02,501.38,11.635530489954176,88.36446951004582,,1.514
France,2012,8.29,-44.52,45.46,567.08,5.3,21.46,22.75,59.83,425.41,12.21,0.51,4.43,15.18,85.25,481.83,15.033152288918672,84.96684771108134,,1.2
France,2013,8.34,-48.46,44.91,576.45,5.68,23.84,18.39,71.92,423.68,11.12,0.5,5.19,16.13,99.41999999999999,477.03000000000003,17.246942492844127,82.75305750715587,,0.695
France,2014,7.85,-67.19,32.23,566.19,5.99,11.26,13.16,63.77,436.48,11.26,0.56,6.39,17.32,94.03,472.16,16.607499249368583,83.39250075063141,,2.027
France,2015,7.99,-64.06,36.95,573.92,6.53,11.89,21.14,55.56,437.43,11.62,0.58,7.75,21.42,91.84,482.08000000000004,16.002230275996656,83.99776972400336,38.61333333333334,1.579
France,2016,8.08,-41.5,42.12,558.65,7.52,10.23,34.97,60.84,403.2,11.25,0.6,8.66,21.38,98.99999999999999,459.65,17.72129240132462,82.27870759867538,36.7175,1.755
France,2017,8.04,-40.13,47.12,556.08,7.78,12.81,40.5,50.0,398.36,11.78,0.65,9.59,24.61,92.63,463.45,16.657675154654005,83.34232484534598,44.97833333333333,1.76
France,2018,7.98,-62.97,38.36,575.83,8.38,8.31,30.61,65.11,412.94,10.35,0.61,10.92,28.6,113.62,462.21000000000004,19.73151798273796,80.26848201726204,50.205000000000005,2.025
France,2019,7.89,-57.67,38.77,565.72,8.64,3.64,39.31,56.91,399.01,10.55,0.61,12.33,34.72,113.21,452.51,20.01166654882274,79.98833345117725,39.4825,1.983
France,2020,7.48,-45.04,35.53,527.25,8.76,3.09,35.28,62.59,353.83,9.77,0.61,13.46,39.86,125.28000000000002,401.96999999999997,23.76102418207682,76.23897581792319,32.165,
France,2021,7.83,-44.89,37.09,550.38,9.6,5.44,33.36,59.62,379.36,9.86,0.58,15.73,36.83,122.36,428.02000000000004,22.231912496820378,77.76808750317963,108.83166666666666,
France,2022,7.51,15.11,39.82,469.48,10.02,4.4,43.0,46.18,297.2,9.66,0.58,19.98,38.46,115.22,354.26,24.54204651955355,75.45795348044646,275.04333333333335,
Germany,2000,7.06,3.06,285.3,572.3,4.33,296.68,52.49,21.73,169.61,18.05,0.0,0.06,9.35,35.47,536.8299999999999,6.197798357504805,93.80220164249519,,1.761
Germany,2001,7.18,3.66,287.66,581.89,4.59,293.74,58.43,22.73,171.3,20.52,0.0,0.12,10.46,37.900000000000006,543.99,6.513258519651481,93.48674148034853,,1.289
Germany,2002,7.27,10.0,289.28,581.96,5.31,299.6,54.51,23.12,164.84,18.53,0.0,0.19,15.86,44.480000000000004,537.48,7.643136985359819,92.35686301464018,,1.486
Germany,2003,7.37,-3.27,301.3,602.54,8.95,304.63,64.43,18.32,165.06,21.75,0.0,0.31,19.09,46.67,555.87,7.7455438643077645,92.25445613569224,,1.253
Germany,2004,7.48,-2.62,297.23,610.28,10.64,298.77,64.57,20.75,167.07,21.9,0.0,0.56,26.02,57.97,552.31,9.498918529199713,90.5010814708003,,0.997
Germany,2005,7.5,-4.57,296.01,613.41,14.71,288.14,74.37,19.64,163.05,24.45,0.0,1.28,27.77,63.400000000000006,550.01,10.335664563668672,89.66433543633133,,1.022
Germany,2006,7.55,-16.98,298.78,629.81,18.94,288.93,77.18,20.03,167.27,23.92,0.0,2.22,31.32,72.50999999999999,557.3,11.51299598291548,88.4870040170845,,1.253
Germany,2007,7.59,-16.56,308.99,632.31,24.62,297.1,80.02,21.17,140.53,25.28,0.0,3.08,40.51,89.38,542.93,14.135471525043094,85.8645284749569,,2.086
Germany,2008,7.55,-20.1,296.65,633.2,28.02,275.21,90.7,20.44,148.49,24.52,0.02,4.42,41.38,94.28,538.92,14.889450410612765,85.11054958938725,,1.539
Germany,2009,7.1,-12.27,273.66,588.94,30.89,253.45,82.55,19.03,134.93,22.07,0.02,6.58,39.42,95.94,493.0,16.290284239481103,83.7097157605189,,1.278
Germany,2010,7.5,-14.95,288.71,624.64,33.92,262.89,90.67,20.95,140.56,25.34,0.03,11.73,38.55,105.18,519.46,16.838498975409838,83.16150102459017,,0.192
Germany,2011,7.39,-3.77,286.0,605.17,36.89,262.46,87.58,17.67,107.97,23.12,0.02,19.6,49.86,124.04,481.13,20.496719929937047,79.50328007006297,,1.119
Germany,2012,7.36,-20.54,294.78,620.39,43.2,276.23,78.0,21.75,99.46,23.66,0.03,26.38,51.68,143.04,477.35,23.05646448201938,76.94353551798065,,1.347
Germany,2013,7.33,-32.19,301.4,631.15,45.51,288.2,69.05,23.0,97.29,24.27,0.08,31.01,52.74,152.34,478.81,24.13689297314426,75.86310702685574,,0.58
Germany,2014,7.16,-33.88,287.1,619.95,48.29,274.41,62.6,19.59,97.13,23.27,0.1,36.06,58.5,162.54,457.41,26.218243406726344,73.78175659327366,,2.516
Germany,2015,7.22,-48.28,287.23,640.57,50.33,272.2,63.37,18.98,91.79,24.42,0.13,38.73,80.62,188.79,451.78000000000003,29.472188831821654,70.52781116817835,31.909166666666664,1.671
Germany,2016,7.2,-50.52,288.07,642.97,50.93,261.75,82.62,20.55,84.63,24.3,0.17,38.1,79.92,189.67000000000002,453.3,29.49904350125201,70.50095649874801,28.956666666666667,1.985
Germany,2017,7.18,-52.46,273.99,646.01,50.92,241.26,88.01,20.15,76.32,24.1,0.16,39.4,105.69,216.32,429.69,33.48554975929165,66.51445024070834,34.221666666666664,1.65
Germany,2018,7.05,-48.74,260.4,632.72,50.79,228.16,83.59,17.69,76.0,22.9,0.18,43.46,109.95,222.07,410.65,35.09767353647743,64.90232646352257,44.45249999999999,2.393
Germany,2019,6.82,-32.67,216.76,599.49,50.13,171.45,90.92,19.73,75.07,21.72,0.2,44.38,125.89,240.32999999999998,359.15999999999997,40.0890757143572,59.910924285642785,37.69583333333333,2.331
Germany,2020,6.58,-19.03,188.66,567.26,50.93,134.6,96.38,18.72,64.38,20.42,0.23,49.5,132.1,251.48000000000002,315.78000000000003,44.33240489369954,55.667595106300475,30.436666666666667,
Germany,2021,6.75,-18.58,212.47,581.35,46.91,164.5,95.22,19.66,69.13,21.7,0.24,49.34,114.65,230.8,350.55,39.70069665433904,60.29930334566096,96.5825,
Germany,2022,6.64,-27.25,223.7,581.29,47.07,180.11,96.31,17.5,36.52,18.43,0.24,59.05,126.06,249.92,331.37,42.99403051832992,57.005969481670085,237.06500000000003,
Greece,2000,4.84,-0.01,37.46,53.42,0.0,34.31,5.92,3.69,0.0,9.05,0.0,0.0,0.45,4.14,49.28,7.749906402096592,92.2500935979034,,0.75
Greece,2001,5.02,2.5,38.14,53.08,0.08,35.43,6.13,2.1,0.0,8.58,0.0,0.0,0.76,2.9400000000000004,50.14,5.538809344385834,94.46119065561417,,1.395
Greece,2002,5.12,2.9,38.04,53.95,0.13,34.57,7.06,2.8,0.0,8.74,0.0,0.0,0.65,3.5799999999999996,50.370000000000005,6.635773864689526,93.36422613531047,,0.523
Greece,2003,5.4,2.09,39.08,57.9,0.1,35.17,8.02,4.77,0.0,8.82,0.0,0.0,1.02,5.889999999999999,52.01,10.1727115716753,89.82728842832468,,0.47
Greece,2004,5.54,2.82,39.53,58.8,0.12,35.38,8.99,4.67,0.0,8.52,0.0,0.0,1.12,5.91,52.89,10.051020408163264,89.94897959183673,,0.414
Greece,2005,5.69,3.78,39.82,59.43,0.12,35.54,8.17,5.02,0.0,9.31,0.0,0.0,1.27,6.41,53.02,10.785798418307252,89.21420158169275,,0.308
Greece,2006,5.8,4.2,38.58,60.17,0.11,32.26,10.61,5.86,0.0,9.63,0.0,0.0,1.7,7.670000000000001,52.5,12.747216220707994,87.252783779292,,0.34
Greece,2007,6.05,4.36,42.0,62.71,0.18,34.68,14.16,2.59,0.0,9.28,0.0,0.0,1.82,4.59,58.120000000000005,7.319406793174932,92.68059320682508,,1.146
Greece,2008,6.19,5.61,41.27,62.92,0.19,33.36,13.8,3.31,0.0,10.01,0.0,0.01,2.24,5.75,57.169999999999995,9.138588684043231,90.86141131595677,,0.934
Greece,2009,5.92,4.37,39.04,61.07,0.22,34.19,11.02,5.35,0.0,7.7,0.0,0.05,2.54,8.16,52.91,13.361716063533652,86.63828393646635,,0.82
Greece,2010,5.72,5.71,34.69,57.38,0.19,30.8,9.85,7.47,0.0,6.2,0.0,0.16,2.71,10.530000000000001,46.85,18.351341930986408,81.64865806901359,,1.629
Greece,2011,5.67,3.23,36.72,59.19,0.21,31.07,14.07,4.01,0.0,5.9,0.0,0.61,3.32,8.15,51.04,13.769217773272512,86.23078222672748,,0.445
Greece,2012,5.7,1.78,36.62,60.75,0.2,31.11,13.48,4.39,0.0,6.03,0.0,1.69,3.85,10.129999999999999,50.620000000000005,16.674897119341562,83.32510288065845,,1.299
Greece,2013,5.41,1.89,31.25,57.12,0.22,26.4,10.88,6.35,0.0,5.48,0.0,3.65,4.14,14.36,42.760000000000005,25.140056022408963,74.85994397759104,,1.394
Greece,2014,5.45,8.82,28.77,50.35,0.22,25.75,6.79,4.48,0.0,5.63,0.0,3.79,3.69,12.18,38.17,24.19066534260179,75.80933465739822,,1.116
Greece,2015,5.69,9.61,27.07,51.83,0.23,22.11,9.09,6.1,0.0,5.78,0.0,3.9,4.62,14.850000000000001,36.98,28.65136021609107,71.34863978390894,51.939166666666665,0.964
Greece,2016,5.88,8.8,27.23,54.41,0.27,18.88,14.97,5.54,0.0,5.67,0.0,3.93,5.15,14.89,39.52,27.36629296085279,72.63370703914723,42.8325,1.651
Greece,2017,5.74,6.24,28.03,55.18,0.31,18.76,17.13,3.96,0.0,5.49,0.0,3.99,5.54,13.8,41.38,25.009061254077565,74.99093874592243,54.69833333333333,0.74
Greece,2018,5.6,6.28,25.54,53.25,0.31,17.19,14.09,5.74,0.0,5.83,0.0,3.79,6.3,16.14,37.11,30.30985915492958,69.69014084507043,60.3425,1.996
Greece,2019,5.53,9.94,21.63,48.58,0.4,12.12,14.5,4.0,0.0,5.86,0.0,4.43,7.27,16.1,32.48,33.141210374639776,66.85878962536023,63.83416666666667,1.491
Greece,2020,5.42,8.86,18.67,48.16,0.45,6.61,19.23,3.34,0.0,4.77,0.0,4.45,9.31,17.55,30.61,36.441029900332225,63.55897009966777,45.06333333333333,
Greece,2021,5.58,3.68,19.31,54.65,0.5,5.32,22.49,5.9,0.0,4.71,0.0,5.25,10.48,22.130000000000003,32.519999999999996,40.49405306495883,59.50594693504115,116.04666666666667,
Greece,2022,5.35,3.45,18.03,52.44,0.5,5.46,19.56,4.73,0.0,4.71,0.0,6.62,10.86,22.71,29.73,43.30663615560641,56.693363844393595,279.38916666666665,
Hungary,2000,3.79,3.44,14.48,35.19,0.06,9.59,6.6,0.18,14.18,4.58,0.0,0.0,0.0,0.24,34.949999999999996,0.6820119352088662,99.31798806479112,,1.756
Hungary,2001,3.89,3.17,14.81,36.42,0.07,8.84,8.86,0.19,14.13,4.33,0.0,0.0,0.0,0.26,36.16,0.7138934651290499,99.28610653487094,,1.413
Hungary,2002,3.98,4.26,14.38,36.15,0.04,8.98,10.74,0.19,13.95,2.25,0.0,0.0,0.0,0.23,35.92,0.6362378976486861,99.36376210235133,,1.443
Hungary,2003,4.06,6.94,14.73,34.13,0.16,9.17,11.88,0.17,11.01,1.74,0.0,0.0,0.0,0.33,33.800000000000004,0.9668912979783182,99.03310870202169,,0.733
Hungary,2004,4.08,7.47,13.43,33.71,0.73,8.18,11.72,0.2,11.91,0.96,0.0,0.0,0.01,0.94,32.769999999999996,2.7884900622960545,97.21150993770394,,0.573
Hungary,2005,4.17,6.23,12.84,35.75,1.66,7.02,12.38,0.2,13.83,0.65,0.0,0.0,0.01,1.8699999999999999,33.879999999999995,5.230769230769231,94.76923076923076,,0.258
Hungary,2006,4.28,7.21,13.16,35.85,1.26,7.0,13.16,0.19,13.46,0.74,0.0,0.0,0.04,1.49,34.36000000000001,4.15620641562064,95.84379358437936,,0.724
Hungary,2007,4.38,3.99,14.61,39.96,1.56,7.37,15.23,0.21,14.68,0.8,0.0,0.0,0.11,1.8800000000000001,38.08,4.704704704704706,95.2952952952953,,2.165
Hungary,2008,4.38,3.9,14.3,40.02,1.94,7.08,15.18,0.21,14.82,0.59,0.0,0.0,0.2,2.35,37.67,5.872063968015991,94.12793603198398,,1.516
Hungary,2009,4.14,5.51,11.63,35.91,2.33,6.34,10.42,0.23,15.43,0.83,0.0,0.0,0.33,2.89,33.019999999999996,8.047897521581733,91.95210247841827,,1.633
Hungary,2010,4.26,5.2,12.05,37.37,2.3,6.23,11.6,0.19,15.76,0.76,0.0,0.0,0.53,3.0199999999999996,34.349999999999994,8.081348675408078,91.91865132459189,,0.828
Hungary,2011,4.29,6.64,11.49,36.02,1.86,6.48,10.74,0.22,15.69,0.4,0.0,0.0,0.63,2.71,33.309999999999995,7.523598001110495,92.4764019988895,,0.913
Hungary,2012,4.29,7.97,10.72,34.62,1.65,6.34,9.4,0.21,15.79,0.45,0.0,0.01,0.77,2.6399999999999997,31.98,7.625649913344885,92.3743500866551,,1.749
Hungary,2013,4.26,11.88,8.68,30.25,1.83,6.3,5.54,0.21,15.37,0.26,0.0,0.02,0.72,2.7800000000000002,27.470000000000002,9.1900826446281,90.80991735537191,,1.177
Hungary,2014,4.33,13.39,7.91,29.35,2.13,5.99,4.24,0.3,15.65,0.31,0.0,0.07,0.66,3.1599999999999997,26.19,10.766609880749572,89.23339011925042,,2.236
Hungary,2015,4.47,13.69,8.21,30.29,2.16,5.79,5.11,0.23,15.83,0.34,0.0,0.14,0.69,3.22,27.07,10.630571145592604,89.36942885440739,40.593333333333334,2.086
Hungary,2016,4.54,12.71,8.78,31.81,2.07,5.63,6.48,0.26,16.05,0.4,0.0,0.24,0.68,3.2500000000000004,28.56,10.216912920465264,89.78308707953474,35.37583333333333,1.915
Hungary,2017,4.67,12.88,8.94,32.83,2.15,4.93,7.87,0.22,16.1,0.45,0.0,0.35,0.76,3.4800000000000004,29.35,10.600060919890346,89.39993908010968,50.35166666666667,1.367
Hungary,2018,4.73,14.35,8.51,31.93,2.3,4.67,7.28,0.22,15.73,0.48,0.01,0.63,0.61,3.7699999999999996,28.16,11.807077983088002,88.192922016912,50.9475,2.568
Hungary,2019,4.79,12.58,8.69,34.19,2.23,4.03,8.7,0.22,16.29,0.47,0.02,1.5,0.73,4.7,29.49,13.746709564200064,86.25329043579995,50.31,2.406
Hungary,2020,4.77,11.68,8.59,34.78,2.15,3.71,9.09,0.24,16.06,0.4,0.02,2.46,0.65,5.52,29.259999999999998,15.871190339275449,84.12880966072457,38.994166666666665,
Hungary,2021,5.02,12.75,8.38,35.96,2.23,3.01,9.65,0.21,15.99,0.4,0.01,3.8,0.66,6.91,29.049999999999997,19.21579532814238,80.78420467185761,113.44916666666666,
Hungary,2022,4.91,12.15,7.92,35.52,2.25,2.9,8.86,0.19,15.85,0.38,0.01,4.47,0.61,7.53,27.99,21.19932432432433,78.80067567567568,270.90166666666664,
Ireland,2000,6.31,0.1,14.66,23.67,0.09,6.82,9.26,0.85,0.0,6.41,0.0,0.0,0.24,1.18,22.49,4.985213350232361,95.01478664976763,,0.561
Ireland,2001,6.37,-0.25,15.48,24.64,0.1,7.06,9.15,0.6,0.0,7.4,0.0,0.0,0.33,1.03,23.61,4.180194805194805,95.81980519480518,,0.54
Ireland,2002,6.51,0.5,15.01,24.84,0.08,6.82,10.83,0.91,0.0,5.81,0.0,0.0,0.39,1.38,23.459999999999997,5.555555555555555,94.44444444444443,,0.822
Ireland,2003,6.58,1.17,14.64,24.86,0.09,6.2,13.04,0.6,0.0,4.48,0.0,0.0,0.45,1.14,23.72,4.585679806918744,95.41432019308125,,1.014
Ireland,2004,6.64,1.57,14.78,25.22,0.11,6.23,12.9,0.63,0.0,4.7,0.0,0.0,0.65,1.3900000000000001,23.830000000000002,5.5114988104678835,94.48850118953213,,0.886
Ireland,2005,6.71,2.04,15.02,25.62,0.13,6.39,11.57,0.63,0.0,5.79,0.0,0.0,1.11,1.87,23.75,7.298985167837628,92.70101483216239,,1.164
Ireland,2006,6.82,1.78,15.13,27.11,0.13,5.88,13.79,0.72,0.0,4.97,0.0,0.0,1.62,2.47,24.639999999999997,9.111029140538548,90.88897085946147,,1.151
Ireland,2007,6.81,1.33,15.25,28.37,0.18,5.44,16.06,0.67,0.0,4.06,0.0,0.0,1.96,2.81,25.56,9.904829044765599,90.0951709552344,,1.34
Ireland,2008,6.82,0.45,15.62,29.92,0.22,5.14,16.72,0.97,0.0,4.46,0.0,0.0,2.41,3.6,26.32,12.032085561497327,87.96791443850267,,0.83
Ireland,2009,6.39,0.76,13.87,27.97,0.26,4.0,16.3,0.9,0.0,3.55,0.0,0.0,2.96,4.12,23.85,14.73006792992492,85.26993207007509,,0.796
Ireland,2010,6.33,0.47,13.84,28.16,0.31,3.55,18.11,0.6,0.0,2.78,0.0,0.0,2.81,3.7199999999999998,24.44,13.21022727272727,86.78977272727273,,-0.115
Ireland,2011,6.08,0.49,12.59,27.16,0.34,3.94,15.43,0.71,0.0,2.36,0.0,0.0,4.38,5.43,21.73,19.992636229749632,80.00736377025038,,0.547
Ireland,2012,6.03,0.41,13.11,27.13,0.44,5.02,14.14,0.8,0.0,2.72,0.0,0.0,4.01,5.25,21.88,19.35127165499447,80.64872834500551,,0.706
Ireland,2013,6.06,2.24,11.88,25.57,0.49,4.28,13.13,0.6,0.0,2.53,0.0,0.0,4.54,5.63,19.94,22.01798983183418,77.98201016816581,,0.628
Ireland,2014,6.05,2.15,11.61,25.81,0.54,3.96,12.64,0.71,0.0,2.82,0.0,0.0,5.14,6.39,19.42,24.757845796203018,75.24215420379697,,1.363
Ireland,2015,6.17,0.67,12.35,28.1,0.48,4.87,12.37,0.81,0.0,3.0,0.0,0.0,6.57,7.86,20.24,27.971530249110323,72.02846975088968,48.705000000000005,0.429
Ireland,2016,6.26,-0.71,13.49,30.23,0.68,4.7,15.33,0.68,0.0,2.68,0.0,0.01,6.15,7.5200000000000005,22.71,24.875951042011245,75.12404895798875,39.25083333333333,1.033
Ireland,2017,6.28,-0.68,12.65,30.66,0.74,3.64,15.68,0.69,0.0,2.46,0.0,0.01,7.44,8.88,21.78,28.962818003913892,71.03718199608609,45.73083333333333,1.26
Ireland,2018,6.39,-0.03,11.7,30.9,0.85,2.15,16.02,0.69,0.0,2.53,0.0,0.02,8.64,10.200000000000001,20.7,33.00970873786408,66.99029126213591,61.9025,0.77
Ireland,2019,6.41,0.64,10.3,30.72,0.85,0.51,15.91,0.89,0.0,2.5,0.0,0.04,10.02,11.799999999999999,18.92,38.41145833333333,61.58854166666667,50.163333333333334,1.199
Ireland,2020,6.43,-0.15,9.99,31.97,0.92,0.67,16.24,0.93,0.0,1.6,0.0,0.06,11.55,13.46,18.51,42.1019705974351,57.89802940256491,37.57,
Ireland,2021,6.66,1.59,11.49,31.6,1.0,2.72,15.16,0.75,0.0,2.1,0.0,0.09,9.78,11.62,19.98,36.77215189873417,63.22784810126583,135.79,
Ireland,2022,6.78,0.22,11.64,33.61,1.0,2.47,16.53,0.7,0.0,1.63,0.0,0.09,11.19,12.98,20.63,38.61945849449569,61.38054150550432,206.1275,
Italy,2000,5.5,44.35,136.24,269.15,1.39,26.28,101.36,44.2,0.0,90.64,4.7,0.02,0.56,50.87000000000001,218.28,18.900241501021743,81.09975849897828,,1.216
Italy,2001,5.61,48.38,135.36,271.08,1.83,31.73,104.19,46.81,0.0,80.81,4.51,0.02,1.18,54.35,216.73,20.049431902021546,79.95056809797846,,1.519
Italy,2002,5.73,50.6,145.06,276.76,2.71,35.45,99.41,39.52,0.0,93.59,4.66,0.02,1.4,48.31,228.45000000000002,17.455557161439515,82.5444428385605,,0.915
Italy,2003,5.86,50.97,148.87,285.38,3.37,38.81,117.3,36.67,0.0,82.41,5.34,0.02,1.46,46.86,238.52,16.42021164762773,83.5797883523723,,1.522
Italy,2004,5.88,45.63,149.08,294.83,4.22,45.52,129.84,42.34,0.0,65.59,5.44,0.03,1.85,53.88,240.95000000000002,18.274938099921993,81.72506190007802,,0.752
Italy,2005,5.93,49.15,149.15,295.72,4.67,43.61,149.33,36.07,0.0,54.35,5.32,0.03,2.34,48.43000000000001,247.29,16.376978222643046,83.62302177735697,,0.568
Italy,2006,6.02,44.99,153.63,306.67,5.11,44.21,158.14,36.99,0.0,53.68,5.53,0.04,2.97,50.64,256.03,16.512863990608796,83.4871360093912,,0.854
Italy,2007,6.01,46.28,152.92,307.21,5.26,44.11,172.71,32.82,0.0,42.67,5.57,0.04,4.03,47.72,259.49,15.533348523811075,84.46665147618894,,1.557
Italy,2008,5.95,40.03,149.57,312.5,5.97,43.07,172.77,41.62,0.0,38.5,5.52,0.19,4.86,58.16,254.34,18.6112,81.3888,,1.135
Italy,2009,5.58,44.96,129.87,287.58,7.56,39.74,147.36,49.14,0.0,31.22,5.34,0.68,6.54,69.26,218.32000000000002,24.08373322205995,75.91626677794007,,1.248
Italy,2010,5.72,44.16,131.12,297.91,9.44,39.73,152.81,51.12,0.0,28.39,5.38,1.91,9.13,76.97999999999999,220.93,25.840018797623436,74.15998120237656,,0.774
Italy,2011,5.76,45.73,131.18,299.74,10.83,44.73,144.6,45.82,0.0,27.45,5.65,10.8,9.86,82.96,216.77999999999997,27.67732034429839,72.32267965570159,,1.256
Italy,2012,5.64,43.1,126.9,296.48,12.49,49.14,129.14,41.87,0.0,25.98,5.59,18.86,13.41,92.22,204.25999999999996,31.10496492174851,68.89503507825147,,1.552
Italy,2013,5.46,42.14,111.71,287.07,17.08,45.1,108.91,52.77,0.0,21.06,5.66,21.59,14.9,112.0,175.07,39.01487442087296,60.98512557912704,,1.015
Italy,2014,5.32,43.72,102.45,277.44,18.72,43.45,93.66,58.55,0.0,19.65,5.92,22.31,15.18,120.68,156.76000000000002,43.49769319492503,56.50230680507497,,1.661
Italy,2015,5.43,46.38,109.38,280.95,19.39,43.2,110.88,45.54,0.0,17.98,6.18,22.94,14.84,108.89000000000001,172.05999999999997,38.75778608293292,61.24221391706709,52.37083333333334,1.744
Italy,2016,5.39,37.03,110.21,287.2,19.5,35.61,126.17,42.43,0.0,17.41,6.29,22.1,17.69,108.00999999999999,179.19,37.60793871866295,62.39206128133705,42.656666666666666,1.736
Italy,2017,5.52,37.76,114.0,293.33,19.37,32.63,140.36,36.2,0.0,16.45,6.2,24.38,17.74,103.89,189.44,35.41744792554461,64.58255207445539,53.913333333333334,1.623
Italy,2018,5.53,43.9,104.59,287.39,19.14,28.47,128.56,48.79,0.0,15.95,6.11,22.65,17.72,114.41,172.98,39.81001426632799,60.18998573367201,61.26083333333333,1.843
Italy,2019,5.52,38.14,102.57,291.35,19.55,18.84,141.7,46.32,0.0,14.98,6.07,23.69,20.2,115.83,175.51999999999998,39.75630684743437,60.24369315256565,52.35833333333334,1.679
Italy,2020,5.22,32.2,93.63,278.07,19.62,13.38,133.7,47.55,0.0,14.09,6.03,24.94,18.76,116.9,161.17,42.03977415758622,57.960225842413784,38.9025,
Italy,2021,5.56,42.79,97.6,286.39,19.06,14.02,144.01,45.39,0.0,12.03,5.91,25.04,20.93,116.33000000000001,170.06,40.619435036139535,59.38056496386047,125.02916666666665,
Italy,2022,5.43,42.99,103.65,278.86,18.38,21.19,141.34,29.94,0.0,14.72,5.65,27.73,19.91,101.61,177.25,36.43763895861723,63.562361041382765,303.07166666666666,
Latvia,2000,2.48,1.79,0.75,4.14,0.0,0.0,1.13,2.82,0.0,0.19,0.0,0.0,0.0,2.82,1.3199999999999998,68.11594202898551,31.88405797101449,,2.011
Latvia,2001,2.61,1.88,0.81,4.27,0.0,0.0,1.3,2.83,0.0,0.14,0.0,0.0,0.0,2.83,1.44,66.27634660421546,33.723653395784545,,1.818
Latvia,2002,2.72,2.35,0.83,3.97,0.01,0.0,1.31,2.46,0.0,0.18,0.0,0.0,0.01,2.4799999999999995,1.49,62.46851385390427,37.531486146095716,,1.725
Latvia,2003,2.88,2.63,0.87,3.97,0.02,0.0,1.53,2.27,0.0,0.1,0.0,0.0,0.05,2.34,1.6300000000000001,58.94206549118387,41.057934508816125,,0.252
Latvia,2004,3.0,2.1,0.82,4.69,0.04,0.0,1.43,3.11,0.0,0.06,0.0,0.0,0.05,3.1999999999999997,1.49,68.23027718550107,31.769722814498934,,1.027
Latvia,2005,3.17,2.15,0.83,4.92,0.04,0.0,1.49,3.33,0.0,0.01,0.0,0.0,0.05,3.42,1.5,69.51219512195121,30.48780487804878,,1.353
Latvia,2006,3.36,2.51,1.1,4.89,0.04,0.0,2.1,2.7,0.0,0.0,0.0,0.0,0.05,2.79,2.1,57.05521472392638,42.944785276073624,,1.079
Latvia,2007,3.57,3.0,1.03,4.76,0.04,0.0,1.92,2.73,0.0,0.02,0.0,0.0,0.05,2.82,1.94,59.243697478991606,40.756302521008415,,2.2
Latvia,2008,3.62,2.52,1.09,5.27,0.04,0.0,2.06,3.11,0.0,0.0,0.0,0.0,0.06,3.21,2.06,60.91081593927894,39.08918406072107,,2.394
Latvia,2009,3.4,1.65,1.07,5.57,0.05,0.0,2.01,3.46,0.0,0.0,0.0,0.0,0.05,3.5599999999999996,2.01,63.91382405745063,36.08617594254937,,1.506
Latvia,2010,3.57,0.87,1.57,6.63,0.07,0.0,2.99,3.52,0.0,0.0,0.0,0.0,0.05,3.6399999999999997,2.99,54.90196078431372,45.09803921568628,,0.691
Latvia,2011,3.53,1.24,1.57,6.09,0.12,0.0,3.01,2.89,0.0,0.0,0.0,0.0,0.07,3.08,3.01,50.57471264367817,49.42528735632183,,1.138
Latvia,2012,3.83,1.69,1.17,6.17,0.29,0.0,2.06,3.71,0.0,0.0,0.0,0.0,0.11,4.11,2.06,66.61264181523501,33.387358184764985,,1.396
Latvia,2013,3.72,1.36,1.5,6.2,0.5,0.0,2.67,2.91,0.0,0.0,0.0,0.0,0.12,3.5300000000000002,2.67,56.935483870967744,43.064516129032256,,1.074
Latvia,2014,3.71,2.32,1.35,5.14,0.67,0.0,2.34,1.99,0.0,0.0,0.0,0.0,0.14,2.8000000000000003,2.34,54.47470817120623,45.525291828793776,,2.313
Latvia,2015,3.7,1.82,1.57,5.54,0.77,0.0,2.76,1.86,0.0,0.0,0.0,0.0,0.15,2.78,2.76,50.18050541516244,49.81949458483754,41.829166666666666,2.165
Latvia,2016,3.78,1.03,1.69,6.42,0.82,0.0,2.94,2.53,0.0,0.0,0.0,0.0,0.13,3.4799999999999995,2.94,54.20560747663552,45.79439252336449,36.05833333333333,1.939
Latvia,2017,3.82,-0.06,1.33,7.53,0.93,0.0,2.07,4.38,0.0,0.0,0.0,0.0,0.15,5.46,2.07,72.50996015936255,27.490039840637447,34.7025,1.51
Latvia,2018,3.94,0.91,1.87,6.72,0.94,0.0,3.22,2.43,0.0,0.01,0.0,0.0,0.12,3.49,3.23,51.93452380952381,48.06547619047619,49.859166666666674,2.359
Latvia,2019,3.95,1.12,1.85,6.44,0.93,0.0,3.25,2.11,0.0,0.0,0.0,0.0,0.15,3.19,3.25,49.53416149068323,50.465838509316775,46.2775,2.448
Latvia,2020,3.87,1.63,1.28,5.72,0.86,0.0,2.08,2.6,0.0,0.0,0.0,0.0,0.18,3.64,2.08,63.63636363636365,36.36363636363637,34.034166666666664,
Latvia,2021,4.07,1.77,1.31,5.85,0.86,0.0,2.13,2.71,0.0,0.0,0.0,0.01,0.14,3.7199999999999998,2.13,63.5897435897436,36.410256410256416,88.57833333333333,
Latvia,2022,3.93,2.31,0.92,5.06,0.68,0.0,1.41,2.77,0.0,0.0,0.0,0.01,0.19,3.65,1.41,72.13438735177866,27.865612648221344,225.84416666666667,
Lithuania,2000,2.69,-1.34,1.36,11.03,0.0,0.0,1.62,0.34,8.42,0.65,0.0,0.0,0.0,0.34,10.69,3.0825022665457844,96.91749773345421,,2.015
Lithuania,2001,2.9,-3.96,1.57,14.29,0.0,0.0,1.88,0.33,11.36,0.72,0.0,0.0,0.0,0.33,13.959999999999999,2.3093072078376484,97.69069279216234,,1.794
Lithuania,2002,3.03,-6.49,1.6,17.15,0.0,0.0,2.11,0.35,14.14,0.55,0.0,0.0,0.0,0.35,16.8,2.040816326530612,97.95918367346937,,1.906
Lithuania,2003,3.21,-7.53,1.66,18.66,0.01,0.0,2.52,0.32,15.48,0.33,0.0,0.0,0.0,0.33,18.33,1.7684887459807077,98.2315112540193,,0.176
Lithuania,2004,3.33,-7.19,1.76,18.58,0.01,0.0,2.69,0.42,15.1,0.36,0.0,0.0,0.0,0.43,18.15,2.3143164693218514,97.68568353067815,,0.878
Lithuania,2005,3.34,-2.97,1.89,14.22,0.01,0.0,3.02,0.45,10.34,0.4,0.0,0.0,0.0,0.46,13.76,3.2348804500703237,96.76511954992966,,1.201
Lithuania,2006,3.44,-0.43,1.55,11.87,0.02,0.0,2.46,0.4,8.65,0.33,0.0,0.0,0.01,0.43000000000000005,11.44,3.6225779275484413,96.37742207245155,,0.917
Lithuania,2007,3.62,-1.37,1.61,13.23,0.05,0.0,2.4,0.42,9.83,0.42,0.0,0.0,0.11,0.58,12.65,4.383975812547241,95.61602418745278,,2.191
Lithuania,2008,3.76,-0.96,1.54,13.09,0.07,0.0,2.03,0.4,9.89,0.57,0.0,0.0,0.13,0.6000000000000001,12.49,4.583651642475172,95.41634835752481,,2.216
Lithuania,2009,3.6,-2.93,1.71,14.37,0.1,0.0,2.1,0.42,10.85,0.74,0.0,0.0,0.16,0.68,13.69,4.732080723729994,95.26791927627,,1.379
Lithuania,2010,3.42,5.99,2.06,4.75,0.15,0.0,3.19,0.54,0.0,0.65,0.0,0.0,0.22,0.91,3.84,19.157894736842106,80.84210526315789,,0.748
Lithuania,2011,3.46,6.74,1.52,3.99,0.16,0.0,2.67,0.48,0.0,0.21,0.0,0.0,0.47,1.1099999999999999,2.88,27.819548872180444,72.18045112781954,,0.94
Lithuania,2012,3.57,6.62,1.65,4.3,0.22,0.0,2.88,0.42,0.0,0.24,0.0,0.0,0.54,1.1800000000000002,3.12,27.441860465116285,72.55813953488372,,1.349
Lithuania,2013,3.61,6.95,1.35,3.98,0.36,0.0,2.22,0.52,0.0,0.23,0.0,0.05,0.6,1.53,2.45,38.44221105527638,61.557788944723626,,0.953
Lithuania,2014,3.7,7.62,1.11,3.46,0.4,0.0,1.75,0.4,0.0,0.2,0.0,0.07,0.64,1.5100000000000002,1.95,43.64161849710983,56.358381502890175,,2.217
Lithuania,2015,3.78,7.21,1.33,4.0,0.45,0.0,1.98,0.35,0.0,0.34,0.0,0.07,0.81,1.6800000000000002,2.32,42.00000000000001,57.99999999999999,41.903333333333336,2.092
Lithuania,2016,3.98,8.27,0.83,3.41,0.44,0.0,0.99,0.45,0.0,0.32,0.0,0.07,1.14,2.0999999999999996,1.31,61.58357771260997,38.41642228739004,36.49583333333333,1.951
Lithuania,2017,4.14,8.68,0.58,3.35,0.5,0.0,0.6,0.6,0.0,0.22,0.0,0.07,1.36,2.5300000000000002,0.82,75.52238805970148,24.4776119402985,35.1525,1.557
Lithuania,2018,4.3,9.63,0.45,2.75,0.54,0.0,0.33,0.43,0.0,0.22,0.0,0.09,1.14,2.2,0.55,80.0,20.0,49.9625,2.436
Lithuania,2019,4.38,9.34,0.51,3.14,0.53,0.0,0.52,0.35,0.0,0.15,0.0,0.09,1.5,2.4699999999999998,0.67,78.6624203821656,21.337579617834397,46.123333333333335,2.627
Lithuania,2020,4.41,7.91,1.19,4.53,0.59,0.0,1.7,0.3,0.0,0.26,0.0,0.13,1.55,2.5700000000000003,1.96,56.73289183222959,43.267108167770424,34.02333333333333,
Lithuania,2021,4.74,9.04,1.02,4.17,0.69,0.0,1.22,0.38,0.0,0.33,0.0,0.19,1.36,2.62,1.55,62.82973621103118,37.170263788968825,90.24000000000001,
Lithuania,2022,4.57,8.57,0.81,4.17,0.65,0.0,0.61,0.45,0.0,0.44,0.0,0.43,1.59,3.12,1.05,74.82014388489209,25.179856115107913,229.16583333333332,
Luxembourg,2000,14.03,5.71,0.12,0.4,0.02,0.0,0.21,0.12,0.0,0.03,0.0,0.0,0.02,0.15999999999999998,0.24,39.99999999999999,60.0,,1.646
Luxembourg,2001,14.03,5.32,0.36,0.87,0.03,0.0,0.67,0.12,0.0,0.03,0.0,0.0,0.02,0.16999999999999998,0.7000000000000001,19.540229885057467,80.45977011494253,,1.432
Luxembourg,2002,14.06,3.47,1.31,2.8,0.03,0.0,2.62,0.1,0.0,0.03,0.0,0.0,0.02,0.15,2.65,5.357142857142858,94.64285714285715,,1.389
Luxembourg,2003,14.51,3.76,1.31,2.79,0.03,0.0,2.62,0.08,0.0,0.03,0.0,0.0,0.03,0.14,2.65,5.017921146953406,94.9820788530466,,1.686
Luxembourg,2004,14.72,3.37,1.57,3.37,0.04,0.0,3.15,0.1,0.0,0.03,0.0,0.01,0.04,0.19000000000000003,3.1799999999999997,5.637982195845699,94.3620178041543,,1.01
Luxembourg,2005,14.22,3.26,1.55,3.35,0.05,0.0,3.11,0.09,0.0,0.03,0.0,0.02,0.05,0.21000000000000002,3.1399999999999997,6.2686567164179126,93.7313432835821,,1.124
Luxembourg,2006,15.03,3.56,1.63,3.54,0.06,0.0,3.25,0.11,0.0,0.04,0.0,0.02,0.06,0.24999999999999997,3.29,7.062146892655366,92.93785310734464,,1.351
Luxembourg,2007,14.9,3.96,1.46,3.19,0.06,0.0,2.89,0.12,0.0,0.04,0.0,0.02,0.06,0.26,2.93,8.150470219435736,91.84952978056425,,1.934
Luxembourg,2008,14.47,4.35,1.23,2.72,0.07,0.0,2.4,0.13,0.0,0.04,0.0,0.02,0.06,0.28,2.44,10.294117647058826,89.70588235294117,,1.273
Luxembourg,2009,13.2,3.42,1.44,3.15,0.08,0.0,2.84,0.11,0.0,0.04,0.0,0.02,0.06,0.27,2.88,8.571428571428573,91.42857142857143,,1.18
Luxembourg,2010,14.4,4.06,1.49,3.24,0.08,0.0,2.92,0.11,0.0,0.05,0.0,0.02,0.06,0.27,2.9699999999999998,8.333333333333334,91.66666666666666,,0.316
Luxembourg,2011,13.74,4.48,1.21,2.64,0.09,0.0,2.34,0.06,0.0,0.06,0.0,0.03,0.06,0.24,2.4,9.090909090909092,90.90909090909092,,1.337
Luxembourg,2012,12.95,4.11,1.23,2.76,0.09,0.0,2.39,0.1,0.0,0.06,0.0,0.04,0.08,0.31,2.45,11.231884057971014,88.76811594202898,,1.255
Luxembourg,2013,12.49,4.94,0.76,1.84,0.09,0.0,1.42,0.12,0.0,0.06,0.0,0.07,0.08,0.36000000000000004,1.48,19.565217391304348,80.43478260869564,,0.565
Luxembourg,2014,12.23,4.89,0.78,1.91,0.12,0.0,1.45,0.11,0.0,0.06,0.0,0.09,0.08,0.39999999999999997,1.51,20.942408376963346,79.05759162303664,,2.482
Luxembourg,2015,12.19,5.6,0.49,1.34,0.13,0.0,0.84,0.1,0.0,0.07,0.0,0.1,0.1,0.43000000000000005,0.9099999999999999,32.08955223880597,67.910447761194,31.909166666666664,1.54
Luxembourg,2016,12.15,6.3,0.21,0.79,0.14,0.0,0.26,0.12,0.0,0.07,0.0,0.1,0.1,0.45999999999999996,0.33,58.22784810126581,41.77215189873418,28.956666666666667,1.889
Luxembourg,2017,11.87,6.18,0.22,0.9,0.17,0.0,0.22,0.09,0.0,0.08,0.0,0.11,0.23,0.6,0.3,66.66666666666667,33.333333333333336,34.221666666666664,1.668
Luxembourg,2018,11.71,6.16,0.22,0.96,0.22,0.0,0.2,0.09,0.0,0.08,0.0,0.12,0.25,0.6799999999999999,0.28,70.83333333333333,29.166666666666668,44.45249999999999,2.494
Luxembourg,2019,11.21,5.88,0.22,1.07,0.28,0.0,0.19,0.11,0.0,0.08,0.0,0.13,0.28,0.8,0.27,74.76635514018692,25.233644859813086,37.69583333333333,2.177
Luxembourg,2020,10.6,5.46,0.24,1.22,0.37,0.0,0.18,0.09,0.0,0.07,0.0,0.16,0.35,0.97,0.25,79.50819672131148,20.491803278688526,30.436666666666667,
Luxembourg,2021,10.87,5.72,0.23,1.23,0.39,0.0,0.17,0.11,0.0,0.07,0.0,0.18,0.31,0.99,0.24000000000000002,80.48780487804879,19.51219512195122,96.5825,
Luxembourg,2022,10.39,5.51,0.19,1.13,0.37,0.0,0.09,0.06,0.0,0.07,0.0,0.22,0.32,0.97,0.16,85.84070796460176,14.15929203539823,237.06500000000003,
Netherlands,2000,6.81,18.91,50.35,89.39,1.99,24.28,51.52,0.14,3.93,6.69,0.0,0.01,0.83,2.9699999999999998,86.42000000000002,3.3225192974605653,96.67748070253943,,1.594
Netherlands,2001,6.93,17.28,52.66,93.43,2.35,25.48,53.77,0.12,3.98,6.89,0.0,0.01,0.83,3.31,90.12,3.5427592850262224,96.45724071497376,,1.27
Netherlands,2002,6.98,16.38,53.74,95.75,2.9,25.99,55.28,0.11,3.91,6.59,0.0,0.02,0.95,3.9799999999999995,91.77,4.156657963446475,95.84334203655352,,1.527
Netherlands,2003,7.04,16.99,54.31,96.6,2.54,26.57,55.02,0.07,4.02,7.03,0.0,0.03,1.32,3.96,92.64,4.099378881987578,95.90062111801244,,1.201
Netherlands,2004,7.24,16.22,55.56,101.01,3.31,24.95,59.99,0.09,3.82,6.95,0.0,0.03,1.87,5.3,95.71,5.247005247005246,94.75299475299475,,1.157
Netherlands,2005,7.25,18.29,53.75,99.68,5.26,23.5,57.6,0.09,4.0,7.12,0.0,0.04,2.07,7.459999999999999,92.22,7.483948635634027,92.51605136436596,,1.245
Netherlands,2006,7.36,21.46,53.13,98.69,5.17,23.74,57.14,0.11,3.47,6.29,0.0,0.04,2.73,8.05,90.64,8.156854797851858,91.84314520214814,,1.498
Netherlands,2007,7.48,17.61,56.43,105.0,4.0,24.92,61.01,0.11,4.2,7.28,0.0,0.04,3.44,7.59,97.41000000000001,7.228571428571427,92.77142857142857,,2.061
Netherlands,2008,7.49,15.85,56.38,107.4,5.13,23.48,63.36,0.1,4.17,6.86,0.0,0.04,4.26,9.53,97.87,8.873370577281191,91.1266294227188,,1.421
Netherlands,2009,7.16,4.89,58.9,113.56,6.11,24.28,68.87,0.1,4.25,5.33,0.0,0.04,4.58,10.83,102.73,9.536808735470235,90.46319126452977,,1.215
Netherlands,2010,7.34,2.78,61.36,119.11,7.04,22.59,75.33,0.1,3.97,6.03,0.0,0.06,3.99,11.19,107.92,9.394677189152885,90.60532281084713,,0.091
Netherlands,2011,7.36,9.09,57.85,113.81,7.06,21.39,69.47,0.06,4.14,6.49,0.0,0.1,5.1,12.319999999999999,101.49,10.825059309375275,89.17494069062472,,1.062
Netherlands,2012,7.16,17.11,53.47,103.07,7.2,24.21,56.56,0.1,3.91,5.92,0.0,0.19,4.98,12.47,90.60000000000001,12.098573784806444,87.90142621519357,,1.141
Netherlands,2013,7.1,18.24,53.21,101.5,5.95,24.61,56.07,0.11,2.89,5.83,0.0,0.41,5.63,12.100000000000001,89.4,11.921182266009856,88.07881773399016,,0.421
Netherlands,2014,6.96,14.73,55.25,103.22,5.01,29.49,51.52,0.11,4.09,6.47,0.0,0.73,5.8,11.649999999999999,91.57000000000001,11.286572369695792,88.7134276303042,,2.558
Netherlands,2015,6.9,8.75,60.16,108.8,4.94,39.39,45.76,0.09,4.08,5.88,0.0,1.11,7.55,13.690000000000001,95.11,12.582720588235297,87.41727941176471,40.12583333333333,1.279
Netherlands,2016,6.93,4.91,61.3,113.83,4.91,36.73,52.51,0.1,3.96,5.85,0.0,1.6,8.17,14.78,99.04999999999998,12.984274795748046,87.01572520425195,32.222500000000004,1.925
Netherlands,2017,6.92,3.51,59.32,115.64,4.6,31.28,57.77,0.06,3.4,5.76,0.0,2.2,10.57,17.43,98.21000000000002,15.072639225181597,84.92736077481841,39.329166666666666,1.722
Netherlands,2018,7.04,7.97,56.49,113.68,4.58,27.47,57.53,0.07,3.51,6.26,0.0,3.71,10.55,18.91,94.77000000000001,16.634412385643916,83.3655876143561,52.48916666666667,2.134
Netherlands,2019,7.01,0.86,54.93,120.79,5.81,17.71,70.65,0.07,3.91,5.73,0.0,5.4,11.51,22.79,98.00000000000001,18.867455915224767,81.13254408477523,41.21583333333333,2.142
Netherlands,2020,6.89,-2.66,48.51,122.79,8.85,7.61,72.55,0.05,4.09,5.79,0.0,8.57,15.28,32.75,90.04,26.67155305806662,73.3284469419334,32.2275,
Netherlands,2021,6.96,0.25,47.27,121.61,10.88,14.59,56.63,0.09,3.83,6.09,0.0,11.5,18.0,40.47,81.14,33.27851328015788,66.72148671984212,102.64833333333333,
Netherlands,2022,6.66,-4.27,43.01,120.89,9.69,14.6,47.9,0.06,4.14,6.05,0.01,16.83,21.61,48.199999999999996,72.69,39.8709570684093,60.1290429315907,241.20416666666665,
North Macedonia,2000,3.4,0.11,4.6,6.81,0.0,5.21,0.0,1.17,0.0,0.43,0.0,0.0,0.0,1.17,5.64,17.180616740088105,82.81938325991189,,1.138
North Macedonia,2001,3.31,0.43,4.71,6.37,0.0,5.57,0.0,0.63,0.0,0.17,0.0,0.0,0.0,0.63,5.74,9.89010989010989,90.10989010989012,,1.652
North Macedonia,2002,3.33,0.79,4.37,6.09,0.0,5.12,0.0,0.76,0.0,0.21,0.0,0.0,0.0,0.76,5.33,12.479474548440066,87.52052545155993,,0.42
North Macedonia,2003,3.71,0.95,4.42,6.73,0.0,5.34,0.0,1.37,0.0,0.02,0.0,0.0,0.0,1.37,5.359999999999999,20.35661218424963,79.64338781575037,,0.695
North Macedonia,2004,3.78,1.18,4.28,6.66,0.0,5.16,0.0,1.48,0.0,0.02,0.0,0.0,0.0,1.48,5.18,22.22222222222222,77.77777777777777,,0.417
North Macedonia,2005,4.11,1.6,4.51,6.94,0.0,5.44,0.0,1.49,0.0,0.01,0.0,0.0,0.0,1.49,5.45,21.469740634005763,78.53025936599424,,0.212
North Macedonia,2006,4.23,1.79,4.41,7.01,0.0,5.11,0.0,1.65,0.0,0.25,0.0,0.0,0.0,1.65,5.36,23.53780313837375,76.46219686162625,,0.434
North Macedonia,2007,4.32,2.49,4.47,6.5,0.0,5.01,0.0,1.01,0.0,0.48,0.0,0.0,0.0,1.01,5.49,15.53846153846154,84.46153846153847,,1.568
North Macedonia,2008,4.33,2.73,4.49,6.31,0.0,5.29,0.0,0.84,0.0,0.18,0.0,0.0,0.0,0.84,5.47,13.312202852614895,86.6877971473851,,1.171
North Macedonia,2009,3.95,1.44,4.56,6.82,0.0,5.3,0.0,1.27,0.0,0.25,0.0,0.0,0.0,1.27,5.55,18.621700879765395,81.3782991202346,,1.034
North Macedonia,2010,4.15,1.42,4.0,7.26,0.0,4.74,0.03,2.43,0.0,0.06,0.0,0.0,0.0,2.43,4.83,33.47107438016529,66.5289256198347,,1.387
North Macedonia,2011,4.5,2.68,4.36,6.76,0.0,5.17,0.09,1.43,0.0,0.07,0.0,0.0,0.0,1.43,5.33,21.153846153846153,78.84615384615385,,0.741
North Macedonia,2012,4.25,2.67,4.19,6.26,0.0,4.83,0.3,1.04,0.0,0.09,0.0,0.0,0.0,1.04,5.22,16.61341853035144,83.38658146964856,,1.476
North Macedonia,2013,4.05,2.43,3.6,6.09,0.0,4.03,0.36,1.58,0.0,0.11,0.0,0.01,0.0,1.59,4.500000000000001,26.10837438423645,73.89162561576356,,1.479
North Macedonia,2014,3.96,2.96,3.31,5.38,0.0,3.74,0.2,1.21,0.0,0.15,0.0,0.01,0.07,1.29,4.090000000000001,23.977695167286242,76.02230483271376,,1.354
North Macedonia,2015,3.87,2.51,2.94,5.65,0.02,3.3,0.18,1.87,0.0,0.14,0.0,0.02,0.12,2.0300000000000002,3.62,35.92920353982302,64.07079646017701,,1.514
North Macedonia,2016,3.63,2.03,2.78,5.63,0.04,2.89,0.57,1.9,0.0,0.1,0.0,0.02,0.11,2.07,3.56,36.767317939609235,63.232682060390765,,1.72
North Macedonia,2017,3.59,1.98,3.29,5.6,0.05,3.39,0.83,1.11,0.0,0.09,0.0,0.02,0.11,1.2900000000000003,4.31,23.035714285714292,76.96428571428571,,1.129
North Macedonia,2018,3.56,1.92,2.8,5.61,0.05,2.85,0.75,1.79,0.0,0.05,0.0,0.02,0.1,1.9600000000000002,3.65,34.93761140819965,65.06238859180037,,2.135
North Macedonia,2019,3.64,1.83,3.43,5.87,0.06,3.51,0.96,1.16,0.0,0.06,0.0,0.02,0.1,1.34,4.529999999999999,22.827938671209548,77.17206132879048,,1.911
North Macedonia,2020,3.63,2.33,2.82,5.34,0.06,2.63,1.14,1.28,0.0,0.09,0.0,0.02,0.12,1.48,3.8599999999999994,27.715355805243448,72.28464419475654,,
North Macedonia,2021,3.8,2.48,2.7,5.51,0.05,2.19,1.55,1.45,0.0,0.14,0.0,0.03,0.1,1.6300000000000001,3.8800000000000003,29.582577132486392,70.41742286751362,,
North Macedonia,2022,3.99,1.41,3.7,6.99,0.05,3.4,1.55,1.68,0.0,0.14,0.0,0.03,0.14,1.9,5.09,27.181688125894137,72.81831187410587,,
Norway,2000,27.47,-19.05,3.64,142.43,0.26,0.04,0.21,141.82,0.0,0.07,0.0,0.0,0.03,142.10999999999999,0.32,99.77532823141193,0.2246717685880784,,1.44
Norway,2001,27.63,3.57,3.2,121.16,0.25,0.04,0.24,120.46,0.0,0.14,0.0,0.0,0.03,120.74,0.42,99.65335094090459,0.34664905909541105,,0.625
Norway,2002,26.53,-9.71,3.42,130.12,0.25,0.04,0.2,129.37,0.0,0.18,0.0,0.0,0.08,129.70000000000002,0.42000000000000004,99.67722102674453,0.32277897325545646,,1.398
Norway,2003,25.07,7.87,2.94,106.59,0.33,0.04,0.3,105.48,0.0,0.22,0.0,0.0,0.22,106.03,0.5599999999999999,99.47462238483911,0.5253776151608969,,1.117
Norway,2004,26.44,11.45,3.03,109.98,0.36,0.04,0.37,108.78,0.0,0.18,0.0,0.0,0.25,109.39,0.59,99.46353882524095,0.5364611747590471,,1.315
Norway,2005,27.05,-12.04,3.68,137.1,0.33,0.04,0.38,135.69,0.0,0.16,0.0,0.0,0.5,136.52,0.58,99.57695113056164,0.42304886943836617,,1.78
Norway,2006,26.16,0.85,3.35,121.09,0.39,0.04,0.47,119.37,0.0,0.18,0.0,0.0,0.64,120.4,0.69,99.43017590222148,0.5698240977785117,,1.519
Norway,2007,26.74,-10.03,3.85,135.94,0.39,0.04,0.76,133.66,0.0,0.2,0.0,0.0,0.89,134.93999999999997,1.0,99.26438134471091,0.7356186552890983,,1.703
Norway,2008,26.67,-13.86,3.82,141.02,0.4,0.04,0.44,139.04,0.0,0.19,0.0,0.0,0.91,140.35,0.6699999999999999,99.52489008651256,0.4751099134874486,,1.633
Norway,2009,25.25,-8.98,5.27,130.9,0.23,0.04,4.23,125.28,0.0,0.14,0.0,0.0,0.98,126.49000000000001,4.41,96.63101604278077,3.3689839572192524,,1.405
Norway,2010,26.72,7.55,5.47,123.09,0.35,0.04,4.8,116.74,0.0,0.28,0.0,0.0,0.88,117.96999999999998,5.12,95.84044195304249,4.159558046957511,,-0.328
Norway,2011,24.86,-3.08,5.22,126.21,0.34,0.04,3.71,120.28,0.0,0.56,0.0,0.0,1.28,121.9,4.3100000000000005,96.58505665161239,3.4149433483876077,,1.421
Norway,2012,25.65,-17.82,5.1,146.55,0.33,0.04,2.24,141.72,0.0,0.67,0.0,0.0,1.55,143.60000000000002,2.95,97.9870351415899,2.0129648584100988,,1.067
Norway,2013,25.25,-5.01,4.75,133.27,0.4,0.04,2.07,128.14,0.0,0.74,0.0,0.0,1.88,130.42,2.8499999999999996,97.86148420499737,2.1385157950026263,,0.797
Norway,2014,24.4,-15.58,4.97,140.94,0.25,0.04,2.22,135.47,0.0,0.74,0.0,0.0,2.22,137.94,3.0,97.87143465304385,2.128565346956152,,2.413
Norway,2015,24.74,-14.65,5.03,143.06,0.25,0.04,2.2,137.3,0.0,0.75,0.0,0.0,2.52,140.07000000000002,2.99,97.90996784565917,2.0900321543408356,20.223333333333333,1.799
Norway,2016,25.15,-16.41,5.11,148.13,0.23,0.04,2.21,142.81,0.0,0.72,0.0,0.0,2.12,145.16,2.9699999999999998,97.99500438803753,2.0049956119624657,26.036666666666665,1.724
Norway,2017,25.25,-15.16,5.13,148.41,0.26,0.04,2.06,142.37,0.0,0.83,0.0,0.0,2.85,145.48,2.93,98.02573950542414,1.974260494575837,28.61,1.552
Norway,2018,25.58,-10.15,5.05,146.02,0.2,0.04,2.18,138.98,0.0,0.74,0.0,0.0,3.88,143.05999999999997,2.96,97.97288042733871,2.0271195726612796,43.51499999999999,1.484
Norway,2019,25.03,0.04,4.63,133.83,0.25,0.04,2.06,125.29,0.0,0.66,0.0,0.01,5.52,131.07000000000002,2.7600000000000002,97.93768213405066,2.0623178659493386,39.0,1.203
Norway,2020,24.87,-20.47,4.79,154.29,0.24,0.04,1.61,141.8,0.0,0.55,0.0,0.14,9.91,152.09,2.2,98.57411368202736,1.425886317972649,9.240833333333333,
Norway,2021,25.84,-17.58,4.33,157.17,0.22,0.04,0.31,143.93,0.0,0.73,0.0,0.17,11.77,156.09,1.08,99.31284596297004,0.6871540370299676,61.5725,
Norway,2022,25.94,-12.52,4.4,152.68,0.22,0.04,0.78,134.77,0.0,0.75,0.06,0.17,15.89,151.11,1.57,98.9717055279015,1.0282944720985068,138.72083333333333,
Poland,2000,3.55,-6.37,114.81,143.18,0.22,135.89,0.93,2.11,0.0,4.03,0.0,0.0,0.0,2.33,140.85,1.627322251711133,98.37267774828887,,1.885
Poland,2001,3.54,-6.73,114.74,143.72,0.44,134.97,1.36,2.33,0.0,4.61,0.0,0.0,0.01,2.78,140.94000000000003,1.9343167269691062,98.06568327303088,,1.285
Poland,2002,3.5,-7.07,113.45,142.49,0.43,132.94,2.2,2.28,0.0,4.58,0.0,0.0,0.06,2.77,139.72,1.943996069899642,98.05600393010036,,1.697
Poland,2003,3.62,-10.16,119.96,150.01,0.46,140.66,2.42,1.67,0.0,4.68,0.0,0.0,0.12,2.25,147.76,1.4999000066662223,98.50009999333378,,0.365
Poland,2004,3.7,-9.29,120.88,152.26,0.98,141.12,3.22,2.08,0.0,4.72,0.0,0.0,0.14,3.2,149.06,2.101668199133062,97.89833180086694,,0.783
Poland,2005,3.73,-11.19,122.18,155.05,1.51,141.88,5.16,2.2,0.0,4.16,0.0,0.0,0.14,3.85,151.2,2.4830699774266374,97.51693002257339,,0.885
Poland,2006,3.88,-10.99,126.5,160.45,1.99,147.01,4.58,2.04,0.0,4.57,0.0,0.0,0.26,4.29,156.16,2.6737301339981303,97.32626986600188,,0.84
Poland,2007,3.98,-5.35,124.16,158.51,2.56,144.01,4.48,2.35,0.0,4.59,0.0,0.0,0.52,5.43,153.07999999999998,3.425651378461927,96.57434862153806,,2.151
Poland,2008,4.0,-0.67,120.19,154.64,3.62,138.89,4.68,2.15,0.0,4.46,0.0,0.0,0.84,6.609999999999999,148.03,4.2744438696326945,95.7255561303673,,1.756
Poland,2009,3.86,-2.19,115.95,151.09,5.23,133.38,4.79,2.38,0.0,4.23,0.0,0.0,1.08,8.690000000000001,142.39999999999998,5.751538817923095,94.24846118207691,,1.276
Poland,2010,4.03,-1.35,119.2,157.0,6.3,136.51,4.8,2.92,0.0,4.81,0.0,0.0,1.66,10.879999999999999,146.12,6.9299363057324825,93.07006369426752,,0.403
Poland,2011,4.09,-5.24,122.31,163.01,7.6,139.76,5.82,2.33,0.0,4.3,0.0,0.0,3.2,13.129999999999999,149.88,8.054720569290227,91.94527943070977,,0.767
Poland,2012,4.11,-2.84,118.58,161.63,10.09,134.57,6.26,2.04,0.0,3.92,0.0,0.0,4.75,16.88,144.74999999999997,10.443605766256265,89.55639423374375,,1.38
Poland,2013,4.13,-4.52,120.32,163.91,8.62,137.72,5.27,2.44,0.0,3.86,0.0,0.0,6.0,17.06,146.85000000000002,10.408150814471353,89.59184918552864,,0.647
Poland,2014,4.16,2.17,113.83,158.38,9.98,129.52,5.33,2.18,0.0,3.68,0.0,0.01,7.68,19.85,138.53000000000003,12.533148124763226,87.46685187523677,,2.354
Poland,2015,4.25,-0.33,115.86,164.24,9.94,130.52,6.39,1.83,0.0,4.64,0.0,0.06,10.86,22.689999999999998,141.54999999999998,13.81514856307842,86.18485143692156,37.23583333333333,2.005
Poland,2016,4.36,2.0,116.32,166.09,7.96,130.32,7.83,2.14,0.0,5.13,0.0,0.12,12.59,22.81,143.28,13.733517972183753,86.26648202781624,35.75833333333333,2.056
Poland,2017,4.47,2.29,117.41,169.93,6.49,131.16,10.03,2.56,0.0,4.61,0.0,0.17,14.91,24.130000000000003,145.8,14.199964691343494,85.8000353086565,36.778333333333336,1.486
Poland,2018,4.55,5.69,118.24,169.49,6.55,130.56,12.63,1.97,0.0,4.68,0.0,0.3,12.8,21.62,147.87,12.755914803233226,87.24408519676675,52.1325,2.437
Poland,2019,4.51,10.62,109.39,163.04,7.68,118.14,14.8,1.96,0.0,4.64,0.0,0.71,15.11,25.46,137.57999999999998,15.615799803729145,84.38420019627083,53.43416666666667,2.662
Poland,2020,4.43,13.27,101.72,157.14,8.35,107.4,17.29,2.12,0.0,4.22,0.0,1.96,15.8,28.23,128.91,17.964872088583427,82.03512791141657,46.6325,
Poland,2021,4.69,0.89,118.01,178.77,8.06,127.57,15.82,2.34,0.0,4.82,0.0,3.93,16.23,30.560000000000002,148.20999999999998,17.094590815013706,82.90540918498628,86.82833333333333,
Poland,2022,4.65,-1.68,113.8,179.75,7.76,124.1,12.61,2.06,0.0,4.86,0.0,8.6,19.76,38.18000000000001,141.57,21.24061196105703,78.75938803894299,166.2825,
Portugal,2000,4.3,0.93,22.18,43.38,1.3,14.6,7.14,11.32,0.0,8.77,0.08,0.0,0.17,12.870000000000001,30.509999999999998,29.668049792531125,70.33195020746888,,0.649
Portugal,2001,4.48,0.24,22.07,46.17,1.35,13.61,7.21,14.03,0.0,9.61,0.1,0.0,0.26,15.739999999999998,30.43,34.09140134286333,65.90859865713668,,1.151
Portugal,2002,4.56,1.9,25.6,45.65,1.47,15.21,9.04,7.8,0.0,11.67,0.1,0.0,0.36,9.729999999999999,35.92,21.314348302300107,78.6856516976999,,0.665
Portugal,2003,4.71,2.79,21.0,46.52,1.39,14.53,7.74,15.72,0.0,6.55,0.09,0.0,0.5,17.7,28.82,38.0481513327601,61.951848667239894,,1.444
Portugal,2004,4.89,6.48,22.69,44.82,1.54,14.86,11.69,9.87,0.0,5.96,0.08,0.0,0.82,12.31,32.51,27.465417224453375,72.53458277554664,,1.004
Portugal,2005,5.04,6.82,26.04,46.18,1.68,15.23,13.61,4.73,0.0,9.09,0.07,0.0,1.77,8.25,37.93,17.864876569943696,82.1351234300563,,0.972
Portugal,2006,5.12,5.44,22.89,48.57,1.7,14.96,12.34,11.0,0.0,5.55,0.09,0.0,2.93,15.719999999999999,32.85,32.3656578134651,67.6343421865349,,1.533
Portugal,2007,5.15,7.49,20.93,46.89,1.86,12.4,13.12,10.09,0.0,5.16,0.2,0.02,4.04,16.209999999999997,30.68,34.570270846662396,65.4297291533376,,0.746
Portugal,2008,5.19,9.43,20.4,45.48,1.85,11.2,15.2,6.8,0.0,4.44,0.19,0.04,5.76,14.639999999999999,30.84,32.18997361477573,67.81002638522429,,0.627
Portugal,2009,5.12,4.78,21.08,49.48,2.09,12.9,14.71,8.28,0.0,3.58,0.18,0.16,7.58,18.29,31.189999999999998,36.96443007275667,63.03556992724333,,1.408
Portugal,2010,5.32,2.62,16.57,53.69,2.61,7.1,14.9,16.15,0.0,3.34,0.2,0.21,9.18,28.349999999999998,25.34,52.803129074315514,47.196870925684486,,1.119
Portugal,2011,5.18,2.81,18.56,51.88,2.92,9.85,14.92,11.54,0.0,3.0,0.21,0.28,9.16,24.11,27.77,46.47262914417888,53.52737085582113,,1.609
Portugal,2012,5.08,7.89,18.62,45.57,2.95,13.09,10.67,5.62,0.0,2.44,0.15,0.39,10.26,19.37,26.2,42.50603467193329,57.49396532806672,,0.798
Portugal,2013,5.09,2.78,15.83,50.53,3.05,11.84,7.23,13.73,0.0,1.99,0.2,0.48,12.01,29.47,21.06,58.32178903621611,41.67821096378388,,0.952
Portugal,2014,5.08,0.9,15.52,51.96,3.05,11.95,6.83,15.57,0.0,1.61,0.21,0.63,12.11,31.57,20.39,60.758275596612776,39.241724403387224,,1.399
Portugal,2015,5.17,2.27,19.48,51.27,3.1,14.73,10.56,8.66,0.0,1.61,0.2,0.8,11.61,24.369999999999997,26.9,47.53267017749171,52.46732982250829,50.41,1.501
Portugal,2016,5.23,-5.09,18.93,59.13,3.07,12.63,12.58,15.72,0.0,1.62,0.17,0.87,12.47,32.300000000000004,26.830000000000002,54.62540165736514,45.37459834263488,39.384166666666665,1.771
Portugal,2017,5.34,-2.68,23.45,57.7,3.22,14.67,18.89,5.9,0.0,1.56,0.22,0.99,12.25,22.580000000000002,35.120000000000005,39.13344887348354,60.86655112651647,52.446666666666665,2.188
Portugal,2018,5.42,-2.66,19.7,58.41,3.16,12.01,15.61,12.39,0.0,1.38,0.23,1.01,12.62,29.410000000000004,28.999999999999996,50.350967300119855,49.64903269988015,57.4475,0.928
Portugal,2019,5.36,3.4,15.26,51.73,3.36,5.53,17.26,8.82,0.0,1.53,0.22,1.34,13.67,27.41,24.320000000000004,52.98666151169533,47.01333848830466,47.895833333333336,1.321
Portugal,2020,5.15,1.46,12.98,51.54,3.79,2.36,17.6,12.08,0.0,1.47,0.22,1.72,12.3,30.11,21.43,58.420644159875835,41.57935584012418,33.98833333333334,
Portugal,2021,5.27,4.75,10.83,49.44,4.0,0.8,15.57,11.91,0.0,1.52,0.18,2.24,13.22,31.549999999999997,17.89,63.814724919093834,36.18527508090615,111.48166666666667,
Portugal,2022,5.46,9.25,10.99,46.96,3.98,0.06,17.36,7.59,0.0,1.45,0.18,3.07,13.27,28.09,18.869999999999997,59.8168654173765,40.18313458262351,167.9975,
Romania,2000,2.32,-0.7,22.72,51.56,0.0,18.92,9.0,14.78,5.46,3.4,0.0,0.0,0.0,14.78,36.78,28.665632273079904,71.33436772692009,,1.328
Romania,2001,2.4,-1.31,24.32,53.55,0.0,19.7,8.07,14.92,5.45,5.41,0.0,0.0,0.0,14.92,38.629999999999995,27.861811391223156,72.13818860877684,,1.52
Romania,2002,2.38,-2.85,24.02,54.42,0.0,20.31,8.97,16.05,5.51,3.58,0.0,0.0,0.0,16.05,38.37,29.492833517089313,70.5071664829107,,1.202
Romania,2003,2.46,-2.08,26.81,54.84,0.0,23.34,9.7,13.26,4.91,3.63,0.0,0.0,0.0,13.26,41.580000000000005,24.17943107221007,75.82056892778995,,0.127
Romania,2004,2.6,-1.18,24.95,56.49,0.0,21.48,10.46,16.51,5.55,2.49,0.0,0.0,0.0,16.51,39.980000000000004,29.226411754292798,70.7735882457072,,0.538
Romania,2005,2.68,-2.9,24.72,59.41,0.01,21.91,9.61,20.21,5.55,2.12,0.0,0.0,0.0,20.220000000000002,39.19,34.03467429725636,65.96532570274366,,0.279
Romania,2006,2.79,-4.27,28.14,62.7,0.0,25.15,11.83,18.36,5.63,1.73,0.0,0.0,0.0,18.36,44.339999999999996,29.282296650717704,70.71770334928229,,0.499
Romania,2007,2.87,-2.09,27.63,61.68,0.04,25.1,11.56,15.97,7.71,1.3,0.0,0.0,0.0,16.01,45.67,25.95654993514916,74.04345006485084,,2.088
Romania,2008,2.95,-4.25,27.1,64.95,0.02,25.82,9.92,17.2,11.23,0.76,0.0,0.0,0.0,17.22,47.73,26.512702078521936,73.48729792147806,,1.298
Romania,2009,2.71,-2.3,22.82,57.73,0.01,21.74,7.63,15.53,11.75,1.06,0.0,0.0,0.01,15.549999999999999,42.18,26.9357353195912,73.06426468040881,,1.571
Romania,2010,2.87,-2.27,21.7,60.61,0.11,20.68,7.26,19.88,11.62,0.75,0.0,0.0,0.31,20.299999999999997,40.309999999999995,33.49282296650718,66.50717703349282,,1.122
Romania,2011,2.97,-1.91,25.53,62.0,0.2,24.78,8.36,14.73,11.75,0.79,0.0,0.0,1.39,16.32,45.68,26.32258064516129,73.6774193548387,,0.455
Romania,2012,2.93,0.25,24.09,58.78,0.21,22.9,8.72,12.07,11.47,0.76,0.0,0.01,2.64,14.930000000000001,43.849999999999994,25.399795848928214,74.6002041510718,,1.785
Romania,2013,2.82,-2.02,19.47,58.55,0.25,16.94,9.26,14.96,11.62,0.58,0.0,0.42,4.52,20.15,38.4,34.415029888983774,65.58497011101623,,1.333
Romania,2014,2.9,-7.13,19.76,65.19,0.5,17.76,8.1,18.8,11.68,0.53,0.0,1.62,6.2,27.12,38.07,41.60147261849978,58.39852738150023,,1.518
Romania,2015,2.97,-6.73,20.71,65.92,0.52,18.13,9.39,16.63,11.64,0.57,0.0,1.98,7.06,26.189999999999998,39.73,39.72997572815534,60.270024271844655,36.416666666666664,1.764
Romania,2016,3.01,-5.02,19.16,64.59,0.53,15.88,9.65,18.03,11.29,0.8,0.0,1.82,6.59,26.970000000000002,37.62,41.755689735253135,58.24431026474686,33.125,1.838
Romania,2017,3.1,-2.89,20.26,63.95,0.53,16.78,10.66,14.49,11.51,0.71,0.0,1.86,7.41,24.29,39.660000000000004,37.982799061767004,62.017200938232996,48.028333333333336,1.12
Romania,2018,3.16,-2.54,19.28,64.44,0.44,15.65,10.52,17.66,11.38,0.7,0.0,1.77,6.32,26.19,38.25000000000001,40.64245810055866,59.35754189944136,46.38666666666666,2.281
Romania,2019,3.11,1.52,16.84,59.18,0.5,13.61,8.95,15.58,11.28,0.71,0.0,1.78,6.77,24.63,34.55,41.618790131801276,58.3812098681987,50.344166666666666,2.233
Romania,2020,3.0,2.79,13.62,55.62,0.55,9.36,9.46,15.38,11.47,0.72,0.0,1.73,6.95,24.61,31.009999999999998,44.24667385832434,55.75332614167565,39.47,
Romania,2021,3.17,2.2,15.13,59.13,0.65,10.69,9.91,17.41,11.28,0.91,0.0,1.7,6.58,26.339999999999996,32.79,44.54591577879249,55.45408422120751,111.01416666666667,
Romania,2022,2.98,1.22,14.87,56.3,0.64,10.44,9.94,14.23,11.28,0.91,0.0,1.79,7.07,23.73,32.56999999999999,42.149200710479576,57.85079928952042,264.52,
Serbia,2000,4.41,3.01,18.22,31.95,0.0,21.43,0.39,9.82,0.0,0.31,0.0,0.0,0.0,9.82,22.13,30.73552425665102,69.26447574334898,,
Serbia,2001,4.62,4.04,18.64,32.57,0.0,21.86,0.5,9.89,0.0,0.32,0.0,0.0,0.0,9.89,22.68,30.36536690205711,69.6346330979429,,
Serbia,2002,4.77,4.48,19.17,33.24,0.0,22.56,0.5,9.93,0.0,0.25,0.0,0.0,0.0,9.93,23.31,29.873646209386283,70.12635379061372,,
Serbia,2003,4.7,2.79,20.92,34.26,0.0,24.71,0.54,8.74,0.0,0.27,0.0,0.0,0.0,8.74,25.52,25.51079976649153,74.48920023350846,,
Serbia,2004,4.7,-0.27,21.8,37.19,0.0,25.74,0.68,10.62,0.0,0.15,0.0,0.0,0.0,10.62,26.569999999999997,28.556063457918796,71.4439365420812,,
Serbia,2005,4.33,-1.94,20.13,35.86,0.0,23.38,0.32,11.41,0.0,0.75,0.0,0.0,0.0,11.41,24.45,31.818181818181817,68.18181818181817,,
Serbia,2006,4.5,-0.81,21.1,35.87,0.0,25.02,0.12,10.35,0.0,0.38,0.0,0.0,0.0,10.35,25.52,28.8541957067187,71.14580429328127,,0.565
Serbia,2007,4.63,-0.09,21.77,35.97,0.0,25.57,0.43,9.46,0.0,0.51,0.0,0.0,0.0,9.46,26.51,26.29969418960245,73.70030581039757,,1.901
Serbia,2008,4.78,0.07,22.43,36.82,0.0,26.68,0.41,9.56,0.0,0.17,0.0,0.0,0.0,9.56,27.26,25.964149918522544,74.03585008147746,,1.347
Serbia,2009,4.72,-1.43,22.46,37.71,0.0,26.85,0.17,10.54,0.0,0.15,0.0,0.0,0.0,10.54,27.17,27.95014584990718,72.04985415009281,,1.376
Serbia,2010,4.85,-0.3,21.1,37.42,0.0,25.02,0.33,11.89,0.0,0.18,0.0,0.0,0.0,11.89,25.529999999999998,31.774452164617855,68.22554783538214,,1.184
Serbia,2011,4.95,-0.28,24.1,38.02,0.0,28.71,0.5,8.67,0.0,0.14,0.0,0.0,0.0,8.67,29.35,22.803787480273538,77.19621251972646,,0.753
Serbia,2012,4.82,0.39,22.1,36.19,0.01,26.32,0.48,9.29,0.0,0.09,0.0,0.0,0.0,9.299999999999999,26.89,25.69770654877037,74.30229345122962,,1.71
Serbia,2013,4.85,-2.54,23.93,39.23,0.02,28.67,0.3,10.2,0.0,0.04,0.0,0.0,0.0,10.219999999999999,29.01,26.051491205709915,73.94850879429009,,1.436
Serbia,2014,4.64,1.56,18.56,33.44,0.02,22.13,0.23,11.0,0.0,0.05,0.0,0.01,0.0,11.03,22.41,32.98444976076556,67.01555023923447,,1.636
Serbia,2015,4.88,-0.92,22.69,37.59,0.02,27.16,0.22,10.08,0.0,0.1,0.0,0.01,0.0,10.11,27.48,26.895450917797287,73.10454908220272,,1.775
Serbia,2016,4.9,-1.92,22.89,38.61,0.03,27.24,0.38,10.79,0.0,0.13,0.0,0.01,0.03,10.859999999999998,27.749999999999996,28.12742812742812,71.87257187257187,54.72,1.722
Serbia,2017,4.99,0.83,22.31,36.44,0.08,26.46,0.55,9.15,0.0,0.14,0.0,0.01,0.05,9.290000000000001,27.150000000000002,25.493962678375414,74.5060373216246,51.050000000000004,1.284
Serbia,2018,4.95,0.12,21.2,36.67,0.1,25.02,0.6,10.64,0.0,0.15,0.0,0.01,0.15,10.9,25.77,29.724570493591497,70.27542950640851,50.10916666666666,2.35
Serbia,2019,4.99,0.08,21.65,36.86,0.14,25.58,0.67,9.46,0.0,0.1,0.0,0.01,0.9,10.510000000000002,26.35,28.513293543136196,71.48670645686381,50.46083333333333,2.123
Serbia,2020,4.98,-0.61,22.26,37.23,0.19,26.46,0.51,9.03,0.0,0.05,0.0,0.01,0.98,10.209999999999999,27.020000000000003,27.42412033306473,72.57587966693528,38.994166666666665,
Serbia,2021,5.23,0.65,20.4,37.53,0.25,23.77,1.07,11.28,0.0,0.07,0.0,0.01,1.08,12.62,24.91,33.62643218758327,66.37356781241675,113.59666666666665,
Serbia,2022,5.32,2.62,20.6,36.18,0.23,23.71,1.8,8.7,0.0,0.0,0.0,0.01,1.73,10.67,25.51,29.491431730237704,70.50856826976232,272.9058333333333,
Slovakia,2000,5.22,-2.7,7.06,30.78,0.0,5.58,3.34,4.61,16.49,0.76,0.0,0.0,0.0,4.61,26.169999999999998,14.9772579597141,85.02274204028589,,1.647
Slovakia,2001,5.24,-3.68,7.24,31.83,0.15,5.82,2.7,4.93,17.1,1.13,0.0,0.0,0.0,5.08,26.75,15.959786365064405,84.04021363493558,,1.262
Slovakia,2002,5.21,-4.16,6.63,32.18,0.15,5.15,2.51,5.27,17.95,1.15,0.0,0.0,0.0,5.42,26.759999999999998,16.842759477936607,83.15724052206339,,1.401
Slovakia,2003,5.34,-2.26,7.19,30.96,0.1,5.96,2.4,3.48,17.86,1.16,0.0,0.0,0.0,3.58,27.38,11.563307493540051,88.43669250645996,,0.674
Slovakia,2004,5.32,-1.86,6.98,30.45,0.02,5.68,2.42,4.1,17.03,1.19,0.0,0.0,0.01,4.129999999999999,26.320000000000004,13.563218390804593,86.4367816091954,,0.574
Slovakia,2005,5.22,-3.27,6.79,31.34,0.03,5.54,2.18,4.64,17.73,1.21,0.0,0.0,0.01,4.68,26.660000000000004,14.932992980216971,85.06700701978302,,0.422
Slovakia,2006,5.37,-2.33,6.53,31.21,0.4,5.31,1.91,4.4,18.01,1.17,0.0,0.0,0.01,4.8100000000000005,26.4,15.411727010573534,84.58827298942644,,0.659
Slovakia,2007,5.5,1.73,5.93,27.83,0.47,4.8,1.62,4.45,15.33,1.15,0.0,0.0,0.01,4.93,22.9,17.714696370822853,82.28530362917714,,2.176
Slovakia,2008,5.44,0.52,5.87,28.73,0.52,4.67,1.61,4.04,16.7,1.18,0.0,0.0,0.01,4.57,24.16,15.90671771667247,84.09328228332753,,1.549
Slovakia,2009,5.05,1.31,5.27,25.89,0.54,3.86,1.97,4.37,14.08,1.06,0.0,0.0,0.01,4.92,20.97,19.003476245654692,80.99652375434529,,1.518
Slovakia,2010,5.27,1.04,5.24,27.42,0.66,3.56,2.21,5.26,14.57,1.13,0.0,0.02,0.01,5.949999999999999,21.47,21.69948942377826,78.30051057622174,,0.709
Slovakia,2011,5.36,0.73,5.7,28.21,0.82,3.55,3.15,3.78,15.41,1.1,0.0,0.4,0.0,5.0,23.21,17.72421127259837,82.27578872740163,,0.868
Slovakia,2012,5.29,0.39,5.44,28.24,0.94,3.41,2.85,4.1,15.49,1.02,0.0,0.42,0.01,5.469999999999999,22.77,19.369688385269114,80.63031161473087,,1.597
Slovakia,2013,5.27,0.09,4.87,28.44,0.91,3.07,2.39,4.85,15.72,0.9,0.0,0.59,0.01,6.359999999999999,22.08,22.362869198312236,77.63713080168776,,0.976
Slovakia,2014,5.19,1.1,4.36,27.04,1.42,2.87,1.62,4.21,15.5,0.81,0.0,0.6,0.01,6.239999999999999,20.8,23.076923076923073,76.92307692307692,,2.35
Slovakia,2015,5.33,2.39,4.41,26.54,1.66,2.83,1.6,3.87,15.15,0.91,0.0,0.51,0.01,6.05,20.49,22.79577995478523,77.20422004521475,33.58833333333333,2.128
Slovakia,2016,5.4,2.65,4.42,26.68,1.73,2.8,1.52,4.36,14.77,0.96,0.0,0.53,0.01,6.63,20.05,24.850074962518736,75.14992503748125,31.58,1.957
Slovakia,2017,5.57,3.03,4.67,27.29,1.7,2.99,1.67,4.32,15.08,1.01,0.0,0.51,0.01,6.54,20.750000000000004,23.964822279223156,76.03517772077684,40.9675,1.286
Slovakia,2018,5.55,3.68,4.79,26.57,1.63,3.01,1.86,3.59,14.84,1.05,0.0,0.58,0.01,5.81,20.76,21.86676703048551,78.1332329695145,48.44,2.578
Slovakia,2019,5.48,1.7,4.72,28.19,1.69,2.34,3.07,4.36,15.28,0.85,0.0,0.59,0.01,6.65,21.54,23.589925505498403,76.41007449450157,41.51833333333334,2.458
Slovakia,2020,5.28,0.32,4.54,28.51,1.67,1.86,3.57,4.52,15.44,0.79,0.0,0.66,0.0,6.85,21.659999999999997,24.02665731322343,75.97334268677656,33.98833333333334,
Slovakia,2021,5.59,0.77,5.03,29.66,1.84,1.7,4.37,4.26,15.73,1.09,0.0,0.67,0.0,6.77,22.89,22.82535401213756,77.17464598786245,102.45166666666667,
Slovakia,2022,5.16,1.39,3.76,26.73,1.71,1.54,2.19,3.66,15.9,1.04,0.0,0.69,0.0,6.0600000000000005,20.669999999999998,22.67115600448934,77.32884399551065,264.06666666666666,
Slovenia,2000,6.19,-1.32,4.13,13.61,0.07,4.61,0.29,3.83,4.76,0.05,0.0,0.0,0.0,3.9,9.71,28.655400440852315,71.34459955914768,,1.804
Slovenia,2001,6.41,-1.77,4.44,14.48,0.07,4.92,0.3,3.8,5.26,0.13,0.0,0.0,0.0,3.8699999999999997,10.610000000000001,26.72651933701657,73.27348066298343,,1.73
Slovenia,2002,6.79,-1.13,4.71,14.6,0.1,5.3,0.29,3.31,5.53,0.07,0.0,0.0,0.0,3.41,11.190000000000001,23.35616438356164,76.64383561643837,,1.526
Slovenia,2003,7.03,0.16,4.57,13.83,0.12,5.11,0.37,2.96,5.21,0.06,0.0,0.0,0.0,3.08,10.750000000000002,22.270426608821403,77.7295733911786,,1.453
Slovenia,2004,7.27,-0.76,4.68,15.27,0.12,5.19,0.36,4.09,5.46,0.05,0.0,0.0,0.0,4.21,11.060000000000002,27.570399476096917,72.42960052390308,,0.756
Slovenia,2005,7.38,-0.32,4.71,15.11,0.11,5.27,0.34,3.46,5.88,0.05,0.0,0.0,0.0,3.57,11.54,23.626737260092654,76.37326273990735,,0.506
Slovenia,2006,7.52,0.04,4.86,15.11,0.11,5.43,0.37,3.59,5.55,0.06,0.0,0.0,0.0,3.6999999999999997,11.41,24.48709463931171,75.51290536068828,,0.899
Slovenia,2007,7.55,0.23,4.91,15.04,0.11,5.48,0.45,3.27,5.7,0.03,0.0,0.0,0.0,3.38,11.66,22.473404255319146,77.52659574468085,,2.201
Slovenia,2008,7.28,-1.6,4.87,16.41,0.29,5.33,0.48,4.02,6.27,0.02,0.0,0.0,0.0,4.31,12.1,26.264472882388784,73.73552711761121,,1.605
Slovenia,2009,6.52,-3.06,4.74,16.39,0.19,5.13,0.59,4.71,5.74,0.03,0.0,0.0,0.0,4.9,11.49,29.89627821842587,70.10372178157412,,1.657
Slovenia,2010,6.87,-2.12,4.85,16.26,0.22,5.29,0.55,4.52,5.66,0.01,0.0,0.01,0.0,4.749999999999999,11.51,29.212792127921272,70.78720787207871,,0.797
Slovenia,2011,7.04,-1.37,4.82,15.92,0.25,5.31,0.49,3.56,6.22,0.02,0.0,0.07,0.0,3.88,12.04,24.371859296482416,75.62814070351759,,1.379
Slovenia,2012,7.01,-1.04,4.71,15.55,0.27,5.14,0.53,3.9,5.53,0.02,0.0,0.16,0.0,4.33,11.219999999999999,27.845659163987136,72.15434083601285,,1.958
Slovenia,2013,7.0,-1.29,4.49,15.8,0.26,4.87,0.51,4.63,5.3,0.01,0.0,0.22,0.0,5.109999999999999,10.69,32.34177215189873,67.65822784810126,,1.256
Slovenia,2014,6.95,-2.74,3.6,17.15,0.25,3.76,0.37,6.09,6.37,0.05,0.0,0.26,0.0,6.6,10.55,38.48396501457725,61.51603498542274,,2.442
Slovenia,2015,7.09,-0.05,4.03,14.8,0.26,4.38,0.4,3.81,5.65,0.02,0.0,0.27,0.01,4.35,10.45,29.39189189189189,70.6081081081081,41.40833333333333,2.131
Slovenia,2016,7.2,-1.18,4.58,16.23,0.28,5.01,0.42,4.5,5.72,0.02,0.0,0.27,0.01,5.0600000000000005,11.169999999999998,31.176833025261864,68.82316697473813,35.56583333333334,2.053
Slovenia,2017,7.4,-0.52,4.44,16.05,0.28,4.82,0.48,3.87,6.29,0.02,0.0,0.28,0.01,4.44,11.61,27.663551401869157,72.33644859813083,49.51166666666666,1.729
Slovenia,2018,7.42,-0.5,4.29,16.12,0.26,4.62,0.48,4.7,5.78,0.02,0.0,0.25,0.01,5.22,10.899999999999999,32.382133995037215,67.61786600496276,51.119166666666665,2.413
Slovenia,2019,7.37,-0.32,4.19,15.89,0.25,4.48,0.54,4.48,5.82,0.01,0.0,0.3,0.01,5.04,10.85,31.71806167400881,68.28193832599119,48.725833333333334,2.375
Slovenia,2020,7.03,-2.0,4.15,16.89,0.27,4.36,0.58,4.93,6.35,0.02,0.0,0.37,0.01,5.579999999999999,11.309999999999999,33.03730017761988,66.96269982238007,37.54416666666667,
Slovenia,2021,7.23,-0.27,3.72,15.59,0.27,3.85,0.52,4.71,5.71,0.07,0.0,0.45,0.01,5.44,10.15,34.89416292495189,65.1058370750481,114.6225,
Slovenia,2022,6.95,1.45,3.15,13.27,0.29,3.21,0.47,3.19,5.59,0.07,0.0,0.44,0.01,3.9299999999999997,9.34,29.61567445365486,70.38432554634514,273.7058333333334,
Spain,2000,5.53,4.44,94.03,220.92,1.49,79.09,20.18,28.26,62.21,24.95,0.0,0.01,4.73,34.49,186.43,15.611986239362668,84.38801376063735,,0.785
Spain,2001,5.77,3.45,89.75,233.07,1.63,70.27,23.36,40.89,63.71,26.43,0.0,0.02,6.76,49.300000000000004,183.77,21.15244347191831,78.8475565280817,,1.381
Spain,2002,5.91,5.33,105.52,239.91,2.59,81.18,32.39,21.22,63.02,30.15,0.0,0.02,9.34,33.17,206.74,13.826018090117126,86.17398190988287,,0.778
Spain,2003,6.12,1.26,101.04,257.3,3.18,74.73,39.37,40.48,61.88,25.57,0.0,0.02,12.07,55.75,201.54999999999998,21.667314418966185,78.3326855810338,,1.562
Spain,2004,6.3,-3.03,112.24,273.65,3.33,79.1,55.46,31.08,63.61,25.35,0.0,0.02,15.7,50.129999999999995,223.52,18.31902064681162,81.68097935318839,,0.961
Spain,2005,6.48,-1.34,124.12,284.46,2.65,79.06,79.01,18.39,57.54,26.58,0.0,0.05,21.18,42.269999999999996,242.19,14.859734233284113,85.14026576671587,,0.857
Spain,2006,6.57,-3.28,119.33,295.26,2.77,66.74,90.57,25.96,60.13,25.67,0.0,0.12,23.3,52.150000000000006,243.11,17.662399241346613,82.3376007586534,,1.485
Spain,2007,6.54,-5.75,122.83,301.53,2.9,72.8,94.8,27.31,55.1,20.53,0.0,0.52,27.57,58.3,243.23,19.334726229562566,80.66527377043744,,0.794
Spain,2008,6.52,-11.04,115.66,310.67,3.26,48.71,120.8,23.36,58.97,20.04,0.0,2.58,32.95,62.15,248.51999999999998,20.005150159333056,79.99484984066694,,0.828
Spain,2009,6.11,-8.1,99.74,291.53,3.49,35.91,107.75,26.41,52.76,21.03,0.0,6.06,38.12,74.08,217.45,25.410763900799232,74.58923609920078,,1.316
Spain,2010,6.22,-8.33,83.52,298.15,4.01,25.33,94.85,42.3,61.99,18.21,0.0,7.19,44.27,97.77,200.38,32.79221868187154,67.20778131812844,,0.86
Spain,2011,6.11,-6.09,93.0,291.37,4.61,43.98,85.51,30.6,57.72,16.63,0.0,9.4,42.92,87.53,203.84,30.040841541682394,69.9591584583176,,1.559
Spain,2012,6.04,-11.2,96.44,293.77,4.98,55.07,73.31,20.55,61.47,16.95,0.0,11.97,49.47,86.97,206.79999999999998,29.60479286516663,70.39520713483337,,0.996
Spain,2013,5.9,-6.75,76.16,281.47,5.8,39.94,57.54,36.87,56.73,15.84,0.0,13.1,55.65,111.41999999999999,170.04999999999998,39.58503570540377,60.41496429459623,,0.863
Spain,2014,5.84,-3.41,74.58,274.94,5.41,43.81,47.27,39.17,57.31,16.29,0.0,13.67,52.01,110.25999999999999,164.68,40.10329526442133,59.89670473557867,,1.558
Spain,2015,5.97,-0.13,85.27,277.48,5.76,51.37,52.5,28.14,57.2,19.32,0.0,13.86,49.33,97.09,180.39,34.9899091826438,65.01009081735621,50.26916666666667,1.471
Spain,2016,6.0,7.67,72.9,271.19,5.69,36.43,52.83,36.4,58.63,18.67,0.0,13.64,48.9,104.63,166.56,38.58180611379476,61.41819388620525,39.61333333333334,1.649
Spain,2017,6.06,9.17,84.59,272.9,6.08,45.13,64.04,18.32,58.04,17.76,0.0,14.4,49.13,87.93,184.97,32.220593624038116,67.7794063759619,52.21,1.943
Spain,2018,6.05,11.1,74.88,271.88,5.91,37.34,58.0,34.33,55.77,16.89,0.0,12.74,50.9,103.88,168.0,38.20803295571575,61.79196704428425,57.29583333333333,1.034
Spain,2019,5.89,6.86,65.96,270.89,5.57,12.86,83.71,24.65,58.35,14.98,0.02,15.1,55.65,100.99,169.89999999999998,37.28081509099634,62.719184909003644,47.705000000000005,1.398
Spain,2020,5.55,3.28,51.82,259.73,6.14,5.52,69.74,30.51,58.3,12.38,0.03,20.67,56.44,113.78999999999999,145.94,43.81088052978093,56.18911947021908,33.95916666666667,
Spain,2021,5.72,0.85,52.5,270.81,6.94,4.86,71.5,29.63,56.56,12.14,0.02,27.1,62.06,125.75,145.06,46.43476976477973,53.56523023522026,111.40666666666668,
Spain,2022,5.58,-19.8,61.91,284.81,6.82,7.62,87.0,18.8,58.43,11.52,0.0,32.77,61.85,120.24000000000001,164.57000000000002,42.21761876338612,57.78238123661389,167.62833333333333,
Sweden,2000,16.9,4.68,6.97,145.23,4.1,1.64,0.48,78.58,57.32,2.65,0.0,0.0,0.46,83.13999999999999,62.089999999999996,57.24712524960406,42.75287475039591,,1.726
Sweden,2001,17.35,-7.29,8.11,161.6,3.78,1.88,0.4,79.06,72.11,3.89,0.0,0.0,0.48,83.32000000000001,78.28,51.55940594059406,48.440594059405946,,1.074
Sweden,2002,17.04,5.36,8.75,146.7,4.18,2.37,0.56,66.36,68.11,4.51,0.0,0.0,0.61,71.14999999999999,75.55000000000001,48.500340831629174,51.49965916837084,,1.57
Sweden,2003,16.54,12.83,9.8,135.39,4.51,2.85,0.73,53.54,67.42,5.66,0.0,0.0,0.68,58.73,76.66,43.378388359553874,56.62161164044611,,0.92
Sweden,2004,16.61,-2.1,8.21,151.69,7.2,1.01,0.78,60.12,77.49,4.23,0.0,0.0,0.86,68.17999999999999,83.51,44.946931241347485,55.05306875865252,,1.202
Sweden,2005,16.68,-7.39,7.63,158.37,7.49,0.65,0.6,72.8,72.38,3.51,0.0,0.0,0.94,81.22999999999999,77.14,51.291279914125155,48.70872008587486,,1.827
Sweden,2006,16.4,6.04,7.85,143.28,8.36,0.88,0.6,61.72,66.98,3.76,0.0,0.0,0.98,71.06,72.22000000000001,49.59519821328867,50.40480178671134,,1.491
Sweden,2007,16.38,1.32,7.67,148.82,9.84,0.65,0.83,66.16,66.97,2.94,0.0,0.0,1.43,77.43,71.39,52.02929713748152,47.970702862518486,,1.935
Sweden,2008,16.03,-1.96,7.98,149.9,10.34,0.51,0.62,69.07,63.89,3.47,0.0,0.0,2.0,81.41,68.49,54.30953969312875,45.690460306871245,,1.962
Sweden,2009,15.19,4.69,7.84,136.6,11.46,0.51,1.56,65.85,52.17,2.55,0.0,0.01,2.49,79.81,56.79,58.42606149341141,41.57393850658857,,1.435
Sweden,2010,16.05,2.08,10.61,148.45,12.19,1.02,2.91,66.4,57.83,4.6,0.0,0.01,3.49,82.09,66.36,55.29808016167059,44.701919838329395,,-0.281
Sweden,2011,15.11,-7.23,8.79,150.28,11.54,0.66,1.58,66.43,60.47,3.48,0.0,0.01,6.11,84.09,66.19,55.95554964067075,44.044450359329254,,1.277
Sweden,2012,15.37,-19.57,8.26,166.43,12.19,0.48,0.92,78.93,64.04,2.69,0.0,0.02,7.16,98.3,68.13000000000001,59.06387069638887,40.93612930361113,,1.318
Sweden,2013,14.82,-10.0,7.63,153.03,11.45,0.65,0.85,61.36,66.46,2.38,0.0,0.04,9.84,82.69000000000001,70.33999999999999,54.03515650526043,45.9648434947396,,0.86
Sweden,2014,14.15,-15.62,6.9,153.55,10.7,0.37,0.42,63.76,64.88,2.14,0.0,0.05,11.23,85.74,67.81,55.838489091501145,44.16151090849887,,2.704
Sweden,2015,14.15,-22.6,7.31,162.0,10.77,0.39,0.45,75.31,56.35,2.31,0.0,0.1,16.32,102.5,59.50000000000001,63.27160493827161,36.7283950617284,22.073333333333334,2.078
Sweden,2016,14.48,-11.73,7.51,155.89,11.49,0.26,0.68,62.02,63.1,2.72,0.0,0.14,15.48,89.13000000000001,66.76,57.17493104111875,42.82506895888127,29.215,1.846
Sweden,2017,14.44,-18.99,7.72,164.23,12.08,0.32,0.33,65.14,65.7,2.82,0.0,0.23,17.61,95.06,69.17,57.882238324301305,42.11776167569873,31.35083333333333,1.59
Sweden,2018,14.38,-17.22,7.78,163.36,11.91,0.34,0.38,62.21,68.55,2.94,0.0,0.41,16.62,91.15,72.21,55.797012732615094,44.20298726738492,44.780833333333334,1.843
Sweden,2019,13.86,-26.16,7.92,168.42,13.04,0.21,0.29,65.37,66.13,2.85,0.0,0.68,19.85,98.94,69.47999999999999,58.745992162451024,41.25400783754898,38.56333333333333,1.567
Sweden,2020,13.39,-25.0,6.94,163.79,11.18,0.0,0.1,72.39,49.2,2.34,0.0,1.05,27.53,112.14999999999999,51.64,68.47182367665913,31.528176323340862,20.7375,
Sweden,2021,13.97,-25.57,7.87,171.77,13.08,0.01,0.29,73.89,52.97,2.76,0.0,1.53,27.24,115.74,56.029999999999994,67.38079990685219,32.61920009314781,64.22,
Sweden,2022,13.23,-33.22,7.74,171.68,12.66,0.01,0.29,69.16,51.22,2.76,0.0,2.34,33.24,117.4,54.279999999999994,68.38303821062442,31.61696178937558,119.3725,
Switzerland,2000,7.61,-7.07,2.98,61.75,0.14,0.0,0.0,33.85,25.12,2.63,0.0,0.01,0.0,34.0,27.75,55.06072874493927,44.93927125506073,,1.421
Switzerland,2001,7.78,-10.44,3.16,66.63,0.14,0.0,0.0,38.29,25.47,2.72,0.0,0.01,0.0,38.44,28.189999999999998,57.69173045174845,42.30826954825153,,1.45
Switzerland,2002,7.78,-4.51,3.07,61.13,0.14,0.0,0.0,32.32,25.87,2.79,0.0,0.01,0.0,32.47,28.66,53.11630950433502,46.88369049566498,,1.264
Switzerland,2003,7.91,-3.11,3.11,61.08,0.14,0.0,0.0,31.95,26.11,2.86,0.0,0.02,0.0,32.11,28.97,52.57039947609692,47.429600523903076,,1.85
Switzerland,2004,7.99,-0.7,3.12,59.65,0.15,0.0,0.0,30.94,25.61,2.92,0.0,0.02,0.01,31.12,28.53,52.17099748533109,47.8290025146689,,0.98
Switzerland,2005,8.12,6.35,3.08,53.93,0.16,0.0,0.0,28.66,22.11,2.97,0.0,0.02,0.01,28.85,25.08,53.49527164843316,46.50472835156684,,0.814
Switzerland,2006,8.11,2.7,3.21,57.93,0.16,0.0,0.0,28.27,26.37,3.1,0.0,0.02,0.01,28.46,29.470000000000002,49.12825824270672,50.871741757293286,,1.1
Switzerland,2007,7.96,-2.06,3.24,62.06,0.15,0.0,0.0,32.36,26.49,3.01,0.0,0.03,0.02,32.56,29.5,52.465356106993234,47.534643893006766,,1.816
Switzerland,2008,8.06,-1.13,3.28,62.72,0.15,0.0,0.0,33.21,26.27,3.04,0.0,0.03,0.02,33.410000000000004,29.31,53.268494897959194,46.73150510204081,,1.206
Switzerland,2009,7.78,-2.16,3.24,62.3,0.13,0.0,0.0,32.83,26.27,3.0,0.0,0.05,0.02,33.03,29.27,53.017656500802566,46.98234349919743,,1.377
Switzerland,2010,8.0,0.52,3.45,62.05,0.14,0.0,0.0,33.26,25.2,3.32,0.0,0.09,0.04,33.53,28.52,54.03706688154715,45.96293311845287,,0.461
Switzerland,2011,7.81,2.59,3.41,59.2,0.15,0.0,0.0,29.91,25.56,3.34,0.0,0.17,0.07,30.3,28.9,51.182432432432435,48.81756756756757,,1.667
Switzerland,2012,7.75,-2.2,3.65,64.17,0.15,0.0,0.0,35.78,24.34,3.51,0.0,0.3,0.09,36.32,27.85,56.59965716066697,43.40034283933302,,1.513
Switzerland,2013,7.71,-2.4,3.65,64.72,0.15,0.0,0.0,35.63,24.87,3.48,0.0,0.5,0.09,36.370000000000005,28.35,56.19592088998764,43.80407911001235,,0.782
Switzerland,2014,7.38,-5.49,3.59,65.94,0.14,0.0,0.0,35.12,26.37,3.37,0.0,0.84,0.1,36.2,29.740000000000002,54.898392478010315,45.10160752198969,,2.15
Switzerland,2015,7.38,-1.03,3.53,62.15,0.12,0.0,0.0,35.38,22.09,3.33,0.0,1.12,0.11,36.73,25.42,59.09895414320193,40.90104585679807,40.321666666666665,1.951
Switzerland,2016,7.34,3.92,3.68,57.5,0.15,0.0,0.0,31.98,20.24,3.69,0.0,1.33,0.11,33.57,23.93,58.38260869565217,41.61739130434783,37.85666666666666,1.835
Switzerland,2017,7.36,5.55,3.68,56.62,0.16,0.0,0.0,31.48,19.5,3.67,0.0,1.68,0.13,33.45,23.17,59.07806428823738,40.92193571176263,45.9575,1.811
Switzerland,2018,7.13,-1.59,3.66,62.27,0.15,0.0,0.0,32.1,24.41,3.54,0.0,1.95,0.12,34.32,27.95,55.11482254697286,44.88517745302714,52.21,2.317
Switzerland,2019,7.03,-6.26,3.78,66.5,0.15,0.0,0.0,35.16,25.28,3.58,0.0,2.18,0.15,37.63999999999999,28.86,56.601503759398476,43.39849624060149,40.95166666666667,2.075
Switzerland,2020,7.16,-5.56,3.9,67.41,0.16,0.0,0.0,37.87,22.99,3.64,0.0,2.6,0.15,40.779999999999994,26.63,60.495475448746475,39.504524551253525,33.98833333333334,
Switzerland,2021,7.29,2.66,2.86,60.72,0.1,0.0,0.0,36.96,18.35,2.27,0.0,2.89,0.15,40.1,20.62,66.04084321475625,33.959156785243735,114.56916666666666,
Switzerland,2022,7.5,2.94,2.84,62.25,0.1,0.0,0.0,34.11,23.01,2.27,0.0,2.7,0.06,36.970000000000006,25.28,59.389558232931726,40.610441767068274,280.99666666666667,
